time,value
0.002780000,0.000000
0.002790000,0.005027
0.002800000,0.010053
0.002810000,0.015079
0.002820000,0.020104
0.002830000,0.025129
0.002840000,0.030152
0.002850000,0.035174
0.002860000,0.040195
0.002870000,0.045215
0.002880000,0.050232
0.002890000,0.055248
0.002900000,0.060261
0.002910000,0.065272
0.002920000,0.070281
0.002930000,0.075287
0.002940000,0.080289
0.002950000,0.085289
0.002960000,0.090285
0.002970000,0.095278
0.002980000,0.100267
0.002990000,0.105251
0.003000000,0.110232
0.003010000,0.115209
0.003020000,0.120180
0.003030000,0.125148
0.003040000,0.130110
0.003050000,0.135067
0.003060000,0.140018
0.003070000,0.144965
0.003080000,0.149905
0.003090000,0.154840
0.003100000,0.159768
0.003110000,0.164690
0.003120000,0.169606
0.003130000,0.174515
0.003140000,0.179417
0.003150000,0.184312
0.003160000,0.189199
0.003170000,0.194079
0.003180000,0.198952
0.003190000,0.203817
0.003200000,0.208673
0.003210000,0.213522
0.003220000,0.218362
0.003230000,0.223193
0.003240000,0.228015
0.003250000,0.232829
0.003260000,0.237633
0.003270000,0.242428
0.003280000,0.247214
0.003290000,0.251989
0.003300000,0.256755
0.003310000,0.261510
0.003320000,0.266256
0.003330000,0.270990
0.003340000,0.275714
0.003350000,0.280427
0.003360000,0.285130
0.003370000,0.289820
0.003380000,0.294500
0.003390000,0.299167
0.003400000,0.303823
0.003410000,0.308467
0.003420000,0.313099
0.003430000,0.317718
0.003440000,0.322325
0.003450000,0.326919
0.003460000,0.331500
0.003470000,0.336069
0.003480000,0.340623
0.003490000,0.345165
0.003500000,0.349693
0.003510000,0.354207
0.003520000,0.358707
0.003530000,0.363192
0.003540000,0.367664
0.003550000,0.372121
0.003560000,0.376563
0.003570000,0.380991
0.003580000,0.385403
0.003590000,0.389800
0.003600000,0.394182
0.003610000,0.398548
0.003620000,0.402899
0.003630000,0.407233
0.003640000,0.411552
0.003650000,0.415854
0.003660000,0.420140
0.003670000,0.424409
0.003680000,0.431111
0.003690000,0.437797
0.003700000,0.444465
0.003710000,0.451116
0.003720000,0.457749
0.003730000,0.464363
0.003740000,0.470960
0.003750000,0.477537
0.003760000,0.484096
0.003770000,0.490636
0.003780000,0.497157
0.003790000,0.503658
0.003800000,0.510139
0.003810000,0.516599
0.003820000,0.523040
0.003830000,0.529460
0.003840000,0.535859
0.003850000,0.542236
0.003860000,0.548593
0.003870000,0.554927
0.003880000,0.561240
0.003890000,0.567531
0.003900000,0.573799
0.003910000,0.580044
0.003920000,0.586267
0.003930000,0.592467
0.003940000,0.598643
0.003950000,0.604795
0.003960000,0.610924
0.003970000,0.617028
0.003980000,0.623109
0.003990000,0.629164
0.004000000,0.635195
0.004010000,0.641200
0.004020000,0.647181
0.004030000,0.653135
0.004040000,0.659064
0.004050000,0.664967
0.004060000,0.670844
0.004070000,0.676694
0.004080000,0.682518
0.004090000,0.688314
0.004100000,0.694084
0.004110000,0.699826
0.004120000,0.705540
0.004130000,0.711226
0.004140000,0.716885
0.004150000,0.722515
0.004160000,0.728117
0.004170000,0.733689
0.004180000,0.739233
0.004190000,0.744748
0.004200000,0.750233
0.004210000,0.755689
0.004220000,0.761115
0.004230000,0.766511
0.004240000,0.771876
0.004250000,0.777211
0.004260000,0.782516
0.004270000,0.787789
0.004280000,0.793032
0.004290000,0.798243
0.004300000,0.803422
0.004310000,0.808570
0.004320000,0.813686
0.004330000,0.818770
0.004340000,0.823821
0.004350000,0.828840
0.004360000,0.833827
0.004370000,0.838780
0.004380000,0.843700
0.004390000,0.848587
0.004400000,0.853440
0.004410000,0.858260
0.004420000,0.863046
0.004430000,0.867798
0.004440000,0.872515
0.004450000,0.877198
0.004460000,0.881847
0.004470000,0.886460
0.004480000,0.891039
0.004490000,0.895582
0.004500000,0.900090
0.004510000,0.904563
0.004520000,0.909000
0.004530000,0.913401
0.004540000,0.917766
0.004550000,0.922094
0.004560000,0.926387
0.004570000,0.930642
0.004580000,0.934861
0.004590000,0.939043
0.004600000,0.943188
0.004610000,0.947296
0.004620000,0.951366
0.004630000,0.955399
0.004640000,0.959394
0.004650000,0.963351
0.004660000,0.967270
0.004670000,0.971151
0.004680000,0.974994
0.004690000,0.978798
0.004700000,0.982564
0.004710000,0.986290
0.004720000,0.989978
0.004730000,0.993627
0.004740000,0.997236
0.004750000,1.000806
0.004760000,1.004337
0.004770000,1.007828
0.004780000,1.011279
0.004790000,1.014690
0.004800000,1.018061
0.004810000,1.021392
0.004820000,1.024683
0.004830000,1.027933
0.004840000,1.031143
0.004850000,1.034312
0.004860000,1.037440
0.004870000,1.040527
0.004880000,1.043573
0.004890000,1.046578
0.004900000,1.049541
0.004910000,1.052463
0.004920000,1.055344
0.004930000,1.058183
0.004940000,1.060980
0.004950000,1.063735
0.004960000,1.066448
0.004970000,1.069119
0.004980000,1.071748
0.004990000,1.074335
0.005000000,1.076879
0.005010000,1.079381
0.005020000,1.081840
0.005030000,1.084256
0.005040000,1.086630
0.005050000,1.088960
0.005060000,1.091248
0.005070000,1.093493
0.005080000,1.095694
0.005090000,1.097852
0.005100000,1.099967
0.005110000,1.102038
0.005120000,1.104066
0.005130000,1.106050
0.005140000,1.107991
0.005150000,1.109888
0.005160000,1.111741
0.005170000,1.113550
0.005180000,1.115315
0.005190000,1.117037
0.005200000,1.118714
0.005210000,1.120347
0.005220000,1.121935
0.005230000,1.123480
0.005240000,1.124980
0.005250000,1.126435
0.005260000,1.127847
0.005270000,1.129213
0.005280000,1.130535
0.005290000,1.131813
0.005300000,1.133045
0.005310000,1.134233
0.005320000,1.135377
0.005330000,1.136475
0.005340000,1.137529
0.005350000,1.138537
0.005360000,1.139501
0.005370000,1.140420
0.005380000,1.141293
0.005390000,1.142122
0.005400000,1.142906
0.005410000,1.143644
0.005420000,1.144337
0.005430000,1.144985
0.005440000,1.145588
0.005450000,1.146146
0.005460000,1.146658
0.005470000,1.147125
0.005480000,1.147547
0.005490000,1.147924
0.005500000,1.148255
0.005510000,1.148541
0.005520000,1.148782
0.005530000,1.148977
0.005540000,1.149127
0.005550000,1.149231
0.005560000,1.149290
0.005570000,1.149304
0.005580000,1.149272
0.005590000,1.149196
0.005600000,1.149073
0.005610000,1.148906
0.005620000,1.148692
0.005630000,1.148434
0.005640000,1.148130
0.005650000,1.147781
0.005660000,1.147387
0.005670000,1.146947
0.005680000,1.146462
0.005690000,1.145932
0.005700000,1.145356
0.005710000,1.144736
0.005720000,1.144070
0.005730000,1.143359
0.005740000,1.142602
0.005750000,1.141801
0.005760000,1.140955
0.005770000,1.140063
0.005780000,1.139127
0.005790000,1.138145
0.005800000,1.137119
0.005810000,1.136048
0.005820000,1.134932
0.005830000,1.133771
0.005840000,1.132565
0.005850000,1.131315
0.005860000,1.130020
0.005870000,1.128680
0.005880000,1.127296
0.005890000,1.125868
0.005900000,1.124394
0.005910000,1.122877
0.005920000,1.121315
0.005930000,1.119709
0.005940000,1.118059
0.005950000,1.116364
0.005960000,1.114626
0.005970000,1.112843
0.005980000,1.111017
0.005990000,1.109146
0.006000000,1.107232
0.006010000,1.105274
0.006020000,1.103273
0.006030000,1.101228
0.006040000,1.099139
0.006050000,1.097008
0.006060000,1.094832
0.006070000,1.092614
0.006080000,1.090352
0.006090000,1.088048
0.006100000,1.085700
0.006110000,1.083310
0.006120000,1.080877
0.006130000,1.078401
0.006140000,1.075882
0.006150000,1.073321
0.006160000,1.070718
0.006170000,1.068073
0.006180000,1.065385
0.006190000,1.062655
0.006200000,1.059883
0.006210000,1.057070
0.006220000,1.054214
0.006230000,1.051318
0.006240000,1.048379
0.006250000,1.045399
0.006260000,1.042378
0.006270000,1.039316
0.006280000,1.036213
0.006290000,1.033069
0.006300000,1.029884
0.006310000,1.026658
0.006320000,1.023392
0.006330000,1.020085
0.006340000,1.016739
0.006350000,1.013352
0.006360000,1.009925
0.006370000,1.006458
0.006380000,1.002951
0.006390000,0.999405
0.006400000,0.995820
0.006410000,0.992195
0.006420000,0.988531
0.006430000,0.984828
0.006440000,0.981086
0.006450000,0.977305
0.006460000,0.973485
0.006470000,0.971156
0.006480000,0.968787
0.006490000,0.966381
0.006500000,0.963936
0.006510000,0.961453
0.006520000,0.958932
0.006530000,0.956374
0.006540000,0.953777
0.006550000,0.951143
0.006560000,0.948472
0.006570000,0.945763
0.006580000,0.943017
0.006590000,0.940233
0.006600000,0.937412
0.006610000,0.934554
0.006620000,0.931660
0.006630000,0.928729
0.006640000,0.925761
0.006650000,0.922756
0.006660000,0.919715
0.006670000,0.916638
0.006680000,0.913524
0.006690000,0.910375
0.006700000,0.907189
0.006710000,0.903968
0.006720000,0.900711
0.006730000,0.897418
0.006740000,0.894090
0.006750000,0.890727
0.006760000,0.887328
0.006770000,0.883895
0.006780000,0.880426
0.006790000,0.876923
0.006800000,0.873386
0.006810000,0.869813
0.006820000,0.866207
0.006830000,0.862566
0.006840000,0.858891
0.006850000,0.855182
0.006860000,0.851440
0.006870000,0.847664
0.006880000,0.843854
0.006890000,0.840011
0.006900000,0.836135
0.006910000,0.832226
0.006920000,0.828284
0.006930000,0.824310
0.006940000,0.820302
0.006950000,0.816263
0.006960000,0.812191
0.006970000,0.808087
0.006980000,0.803952
0.006990000,0.799784
0.007000000,0.795585
0.007010000,0.791355
0.007020000,0.787093
0.007030000,0.782800
0.007040000,0.778476
0.007050000,0.774122
0.007060000,0.769737
0.007070000,0.765322
0.007080000,0.760876
0.007090000,0.756401
0.007100000,0.751895
0.007110000,0.747360
0.007120000,0.742795
0.007130000,0.738201
0.007140000,0.733578
0.007150000,0.728926
0.007160000,0.724245
0.007170000,0.719536
0.007180000,0.714798
0.007190000,0.710032
0.007200000,0.705238
0.007210000,0.700416
0.007220000,0.695566
0.007230000,0.690689
0.007240000,0.685785
0.007250000,0.680853
0.007260000,0.675895
0.007270000,0.670910
0.007280000,0.665899
0.007290000,0.660861
0.007300000,0.655797
0.007310000,0.650707
0.007320000,0.645592
0.007330000,0.640451
0.007340000,0.635285
0.007350000,0.630094
0.007360000,0.624878
0.007370000,0.619637
0.007380000,0.614372
0.007390000,0.609082
0.007400000,0.603768
0.007410000,0.598431
0.007420000,0.593070
0.007430000,0.587686
0.007440000,0.582278
0.007450000,0.576847
0.007460000,0.571394
0.007470000,0.565918
0.007480000,0.560420
0.007490000,0.554899
0.007500000,0.549357
0.007510000,0.543793
0.007520000,0.538207
0.007530000,0.532601
0.007540000,0.526973
0.007550000,0.521324
0.007560000,0.515655
0.007570000,0.509966
0.007580000,0.504256
0.007590000,0.498527
0.007600000,0.492777
0.007610000,0.487009
0.007620000,0.481221
0.007630000,0.475414
0.007640000,0.469588
0.007650000,0.463744
0.007660000,0.457881
0.007670000,0.452001
0.007680000,0.446102
0.007690000,0.440186
0.007700000,0.434253
0.007710000,0.428302
0.007720000,0.422335
0.007730000,0.416351
0.007740000,0.410350
0.007750000,0.404333
0.007760000,0.398301
0.007770000,0.392252
0.007780000,0.386188
0.007790000,0.380109
0.007800000,0.374015
0.007810000,0.367906
0.007820000,0.361782
0.007830000,0.355645
0.007840000,0.349493
0.007850000,0.343327
0.007860000,0.337148
0.007870000,0.330955
0.007880000,0.324750
0.007890000,0.318532
0.007900000,0.312301
0.007910000,0.306057
0.007920000,0.299802
0.007930000,0.293535
0.007940000,0.287256
0.007950000,0.280966
0.007960000,0.274665
0.007970000,0.268353
0.007980000,0.262030
0.007990000,0.255697
0.008000000,0.249354
0.008010000,0.243001
0.008020000,0.236638
0.008030000,0.230266
0.008040000,0.223886
0.008050000,0.217496
0.008060000,0.211097
0.008070000,0.204691
0.008080000,0.198276
0.008090000,0.191853
0.008100000,0.185423
0.008110000,0.178985
0.008120000,0.172541
0.008130000,0.166090
0.008140000,0.159632
0.008150000,0.153167
0.008160000,0.146697
0.008170000,0.140221
0.008180000,0.133739
0.008190000,0.127877
0.008200000,0.122009
0.008210000,0.116136
0.008220000,0.110259
0.008230000,0.104377
0.008240000,0.098492
0.008250000,0.092602
0.008260000,0.086709
0.008270000,0.080812
0.008280000,0.074912
0.008290000,0.069009
0.008300000,0.063104
0.008310000,0.057196
0.008320000,0.051286
0.008330000,0.045373
0.008340000,0.039459
0.008350000,0.033544
0.008360000,0.027627
0.008370000,0.021709
0.008380000,0.015790
0.008390000,0.009870
0.008400000,0.003950
0.008410000,-0.001970
0.008420000,-0.007890
0.008430000,-0.013810
0.008440000,-0.019729
0.008450000,-0.025647
0.008460000,-0.031565
0.008470000,-0.037481
0.008480000,-0.043395
0.008490000,-0.049308
0.008500000,-0.055219
0.008510000,-0.061128
0.008520000,-0.067034
0.008530000,-0.072938
0.008540000,-0.078839
0.008550000,-0.084737
0.008560000,-0.090631
0.008570000,-0.096522
0.008580000,-0.102409
0.008590000,-0.108292
0.008600000,-0.114171
0.008610000,-0.120045
0.008620000,-0.125914
0.008630000,-0.131779
0.008640000,-0.137638
0.008650000,-0.143492
0.008660000,-0.149340
0.008670000,-0.155182
0.008680000,-0.161018
0.008690000,-0.166847
0.008700000,-0.172670
0.008710000,-0.178486
0.008720000,-0.184295
0.008730000,-0.190096
0.008740000,-0.195890
0.008750000,-0.201677
0.008760000,-0.207455
0.008770000,-0.213225
0.008780000,-0.218987
0.008790000,-0.224740
0.008800000,-0.230485
0.008810000,-0.236220
0.008820000,-0.241945
0.008830000,-0.247662
0.008840000,-0.253368
0.008850000,-0.259065
0.008860000,-0.264751
0.008870000,-0.270427
0.008880000,-0.276092
0.008890000,-0.281746
0.008900000,-0.287389
0.008910000,-0.293021
0.008920000,-0.298641
0.008930000,-0.304250
0.008940000,-0.309846
0.008950000,-0.315430
0.008960000,-0.321002
0.008970000,-0.326561
0.008980000,-0.332107
0.008990000,-0.337640
0.009000000,-0.343160
0.009010000,-0.348666
0.009020000,-0.354159
0.009030000,-0.359637
0.009040000,-0.365101
0.009050000,-0.370551
0.009060000,-0.375986
0.009070000,-0.381407
0.009080000,-0.386812
0.009090000,-0.392202
0.009100000,-0.397576
0.009110000,-0.402935
0.009120000,-0.408278
0.009130000,-0.413605
0.009140000,-0.418916
0.009150000,-0.424209
0.009160000,-0.429487
0.009170000,-0.434747
0.009180000,-0.439990
0.009190000,-0.445216
0.009200000,-0.450424
0.009210000,-0.455614
0.009220000,-0.460787
0.009230000,-0.465941
0.009240000,-0.471077
0.009250000,-0.476194
0.009260000,-0.481292
0.009270000,-0.486371
0.009280000,-0.491432
0.009290000,-0.496472
0.009300000,-0.501494
0.009310000,-0.506495
0.009320000,-0.511476
0.009330000,-0.516438
0.009340000,-0.521378
0.009350000,-0.526299
0.009360000,-0.531198
0.009370000,-0.536076
0.009380000,-0.540934
0.009390000,-0.545770
0.009400000,-0.550584
0.009410000,-0.555377
0.009420000,-0.560148
0.009430000,-0.564896
0.009440000,-0.569623
0.009450000,-0.574326
0.009460000,-0.579008
0.009470000,-0.583666
0.009480000,-0.588301
0.009490000,-0.592913
0.009500000,-0.597502
0.009510000,-0.602067
0.009520000,-0.606608
0.009530000,-0.611125
0.009540000,-0.615619
0.009550000,-0.620088
0.009560000,-0.624532
0.009570000,-0.628952
0.009580000,-0.633347
0.009590000,-0.637717
0.009600000,-0.642061
0.009610000,-0.646381
0.009620000,-0.650675
0.009630000,-0.654943
0.009640000,-0.658194
0.009650000,-0.661420
0.009660000,-0.664619
0.009670000,-0.667792
0.009680000,-0.670938
0.009690000,-0.674058
0.009700000,-0.677152
0.009710000,-0.680219
0.009720000,-0.683259
0.009730000,-0.686271
0.009740000,-0.689257
0.009750000,-0.692216
0.009760000,-0.695147
0.009770000,-0.698051
0.009780000,-0.700927
0.009790000,-0.703776
0.009800000,-0.706597
0.009810000,-0.709390
0.009820000,-0.712155
0.009830000,-0.714892
0.009840000,-0.717600
0.009850000,-0.720281
0.009860000,-0.722932
0.009870000,-0.725556
0.009880000,-0.728150
0.009890000,-0.730716
0.009900000,-0.733253
0.009910000,-0.735762
0.009920000,-0.738241
0.009930000,-0.740690
0.009940000,-0.743111
0.009950000,-0.745503
0.009960000,-0.747864
0.009970000,-0.750197
0.009980000,-0.752500
0.009990000,-0.754773
0.010000000,-0.757016
0.010010000,-0.759229
0.010020000,-0.761413
0.010030000,-0.763566
0.010040000,-0.765689
0.010050000,-0.767782
0.010060000,-0.769845
0.010070000,-0.771877
0.010080000,-0.773879
0.010090000,-0.775850
0.010100000,-0.777791
0.010110000,-0.779701
0.010120000,-0.781580
0.010130000,-0.783428
0.010140000,-0.785246
0.010150000,-0.787032
0.010160000,-0.788787
0.010170000,-0.790512
0.010180000,-0.792204
0.010190000,-0.793866
0.010200000,-0.795496
0.010210000,-0.797095
0.010220000,-0.798663
0.010230000,-0.800199
0.010240000,-0.801703
0.010250000,-0.803176
0.010260000,-0.804617
0.010270000,-0.806026
0.010280000,-0.807403
0.010290000,-0.808749
0.010300000,-0.810063
0.010310000,-0.811344
0.010320000,-0.812594
0.010330000,-0.813811
0.010340000,-0.814996
0.010350000,-0.816150
0.010360000,-0.817271
0.010370000,-0.818359
0.010380000,-0.819416
0.010390000,-0.820440
0.010400000,-0.821432
0.010410000,-0.822391
0.010420000,-0.823317
0.010430000,-0.824212
0.010440000,-0.825073
0.010450000,-0.825903
0.010460000,-0.826699
0.010470000,-0.827463
0.010480000,-0.828194
0.010490000,-0.828893
0.010500000,-0.829559
0.010510000,-0.830192
0.010520000,-0.830792
0.010530000,-0.831360
0.010540000,-0.831894
0.010550000,-0.832396
0.010560000,-0.832865
0.010570000,-0.833301
0.010580000,-0.833704
0.010590000,-0.834075
0.010600000,-0.834412
0.010610000,-0.834716
0.010620000,-0.834988
0.010630000,-0.835226
0.010640000,-0.835432
0.010650000,-0.835604
0.010660000,-0.835744
0.010670000,-0.835851
0.010680000,-0.835924
0.010690000,-0.835965
0.010700000,-0.835972
0.010710000,-0.835947
0.010720000,-0.835888
0.010730000,-0.835797
0.010740000,-0.835673
0.010750000,-0.835515
0.010760000,-0.835325
0.010770000,-0.835101
0.010780000,-0.834845
0.010790000,-0.834556
0.010800000,-0.834233
0.010810000,-0.833878
0.010820000,-0.833490
0.010830000,-0.833069
0.010840000,-0.832615
0.010850000,-0.832128
0.010860000,-0.831609
0.010870000,-0.831056
0.010880000,-0.830471
0.010890000,-0.829853
0.010900000,-0.829202
0.010910000,-0.828519
0.010920000,-0.827802
0.010930000,-0.827053
0.010940000,-0.826272
0.010950000,-0.825458
0.010960000,-0.824611
0.010970000,-0.823731
0.010980000,-0.822820
0.010990000,-0.821875
0.011000000,-0.820898
0.011010000,-0.819889
0.011020000,-0.818848
0.011030000,-0.817774
0.011040000,-0.816668
0.011050000,-0.815529
0.011060000,-0.814358
0.011070000,-0.813156
0.011080000,-0.811921
0.011090000,-0.810654
0.011100000,-0.809355
0.011110000,-0.808024
0.011120000,-0.806661
0.011130000,-0.805267
0.011140000,-0.803840
0.011150000,-0.802382
0.011160000,-0.800892
0.011170000,-0.799371
0.011180000,-0.797818
0.011190000,-0.796233
0.011200000,-0.794617
0.011210000,-0.792970
0.011220000,-0.791291
0.011230000,-0.789582
0.011240000,-0.787840
0.011250000,-0.786068
0.011260000,-0.784265
0.011270000,-0.782431
0.011280000,-0.780566
0.011290000,-0.778670
0.011300000,-0.776744
0.011310000,-0.774786
0.011320000,-0.772799
0.011330000,-0.770780
0.011340000,-0.768732
0.011350000,-0.766653
0.011360000,-0.764543
0.011370000,-0.762404
0.011380000,-0.760234
0.011390000,-0.758034
0.011400000,-0.755805
0.011410000,-0.753545
0.011420000,-0.751256
0.011430000,-0.748937
0.011440000,-0.746589
0.011450000,-0.744211
0.011460000,-0.741804
0.011470000,-0.739367
0.011480000,-0.736902
0.011490000,-0.734407
0.011500000,-0.731883
0.011510000,-0.729331
0.011520000,-0.726749
0.011530000,-0.724139
0.011540000,-0.721500
0.011550000,-0.718833
0.011560000,-0.716137
0.011570000,-0.713414
0.011580000,-0.710662
0.011590000,-0.707882
0.011600000,-0.705074
0.011610000,-0.702238
0.011620000,-0.699374
0.011630000,-0.696483
0.011640000,-0.693564
0.011650000,-0.690618
0.011660000,-0.687645
0.011670000,-0.684644
0.011680000,-0.681617
0.011690000,-0.678563
0.011700000,-0.675481
0.011710000,-0.672374
0.011720000,-0.669239
0.011730000,-0.666078
0.011740000,-0.662891
0.011750000,-0.659678
0.011760000,-0.656439
0.011770000,-0.653173
0.011780000,-0.649882
0.011790000,-0.646566
0.011800000,-0.643223
0.011810000,-0.639856
0.011820000,-0.636463
0.011830000,-0.633045
0.011840000,-0.629602
0.011850000,-0.626134
0.011860000,-0.622642
0.011870000,-0.619124
0.011880000,-0.615583
0.011890000,-0.612017
0.011900000,-0.608427
0.011910000,-0.604813
0.011920000,-0.601175
0.011930000,-0.597513
0.011940000,-0.593828
0.011950000,-0.590119
0.011960000,-0.586387
0.011970000,-0.582632
0.011980000,-0.578854
0.011990000,-0.575053
0.012000000,-0.571229
0.012010000,-0.567383
0.012020000,-0.563514
0.012030000,-0.559623
0.012040000,-0.555710
0.012050000,-0.551775
0.012060000,-0.547819
0.012070000,-0.543840
0.012080000,-0.539841
0.012090000,-0.535819
0.012100000,-0.531777
0.012110000,-0.527714
0.012120000,-0.523630
0.012130000,-0.519525
0.012140000,-0.515400
0.012150000,-0.511254
0.012160000,-0.507088
0.012170000,-0.502902
0.012180000,-0.498697
0.012190000,-0.494471
0.012200000,-0.490226
0.012210000,-0.485962
0.012220000,-0.481679
0.012230000,-0.477376
0.012240000,-0.473055
0.012250000,-0.468715
0.012260000,-0.464357
0.012270000,-0.459980
0.012280000,-0.455585
0.012290000,-0.451172
0.012300000,-0.446741
0.012310000,-0.442293
0.012320000,-0.437827
0.012330000,-0.433344
0.012340000,-0.428843
0.012350000,-0.424326
0.012360000,-0.419792
0.012370000,-0.415242
0.012380000,-0.410675
0.012390000,-0.406092
0.012400000,-0.401493
0.012410000,-0.396877
0.012420000,-0.392247
0.012430000,-0.387601
0.012440000,-0.382939
0.012450000,-0.378263
0.012460000,-0.373571
0.012470000,-0.368865
0.012480000,-0.364144
0.012490000,-0.359409
0.012500000,-0.354659
0.012510000,-0.349896
0.012520000,-0.345119
0.012530000,-0.340328
0.012540000,-0.335524
0.012550000,-0.330706
0.012560000,-0.325876
0.012570000,-0.321032
0.012580000,-0.316176
0.012590000,-0.311308
0.012600000,-0.306427
0.012610000,-0.301534
0.012620000,-0.296629
0.012630000,-0.291712
0.012640000,-0.286784
0.012650000,-0.281845
0.012660000,-0.276894
0.012670000,-0.271933
0.012680000,-0.266961
0.012690000,-0.261978
0.012700000,-0.256985
0.012710000,-0.251981
0.012720000,-0.246968
0.012730000,-0.241945
0.012740000,-0.236913
0.012750000,-0.231871
0.012760000,-0.226820
0.012770000,-0.221760
0.012780000,-0.216691
0.012790000,-0.211614
0.012800000,-0.206528
0.012810000,-0.201435
0.012820000,-0.196333
0.012830000,-0.191224
0.012840000,-0.186107
0.012850000,-0.180982
0.012860000,-0.175851
0.012870000,-0.170712
0.012880000,-0.165567
0.012890000,-0.160415
0.012900000,-0.155257
0.012910000,-0.150093
0.012920000,-0.144923
0.012930000,-0.139747
0.012940000,-0.134566
0.012950000,-0.129379
0.012960000,-0.124187
0.012970000,-0.118991
0.012980000,-0.113789
0.012990000,-0.108583
0.013000000,-0.103373
0.013010000,-0.098159
0.013020000,-0.092941
0.013030000,-0.087719
0.013040000,-0.082494
0.013050000,-0.077265
0.013060000,-0.072034
0.013070000,-0.066799
0.013080000,-0.061562
0.013090000,-0.056323
0.013100000,-0.051081
0.013110000,-0.045837
0.013120000,-0.040592
0.013130000,-0.035345
0.013140000,-0.030096
0.013150000,-0.024847
0.013160000,-0.019596
0.013170000,-0.014344
0.013180000,-0.009092
0.013190000,-0.003840
0.013200000,0.001412
0.013210000,0.006665
0.013220000,0.011917
0.013230000,0.017169
0.013240000,0.022420
0.013250000,0.027670
0.013260000,0.032919
0.013270000,0.038167
0.013280000,0.043413
0.013290000,0.048658
0.013300000,0.053900
0.013310000,0.059141
0.013320000,0.064379
0.013330000,0.069614
0.013340000,0.074847
0.013350000,0.080077
0.013360000,0.085304
0.013370000,0.090527
0.013380000,0.095747
0.013390000,0.100963
0.013400000,0.106175
0.013410000,0.111383
0.013420000,0.116587
0.013430000,0.121785
0.013440000,0.126979
0.013450000,0.132168
0.013460000,0.137352
0.013470000,0.142531
0.013480000,0.147703
0.013490000,0.152870
0.013500000,0.158031
0.013510000,0.163186
0.013520000,0.168334
0.013530000,0.173476
0.013540000,0.178610
0.013550000,0.183738
0.013560000,0.188859
0.013570000,0.193971
0.013580000,0.199077
0.013590000,0.204174
0.013600000,0.209264
0.013610000,0.214345
0.013620000,0.219417
0.013630000,0.224481
0.013640000,0.229537
0.013650000,0.234583
0.013660000,0.239619
0.013670000,0.244647
0.013680000,0.249665
0.013690000,0.254673
0.013700000,0.259671
0.013710000,0.264659
0.013720000,0.269636
0.013730000,0.274603
0.013740000,0.279559
0.013750000,0.284504
0.013760000,0.289437
0.013770000,0.294360
0.013780000,0.299270
0.013790000,0.304169
0.013800000,0.309056
0.013810000,0.313930
0.013820000,0.318792
0.013830000,0.323642
0.013840000,0.328479
0.013850000,0.333302
0.013860000,0.338113
0.013870000,0.342911
0.013880000,0.347694
0.013890000,0.352464
0.013900000,0.357221
0.013910000,0.361963
0.013920000,0.366690
0.013930000,0.371404
0.013940000,0.376102
0.013950000,0.380786
0.013960000,0.385455
0.013970000,0.390108
0.013980000,0.394746
0.013990000,0.399369
0.014000000,0.403976
0.014010000,0.408566
0.014020000,0.413141
0.014030000,0.417700
0.014040000,0.422241
0.014050000,0.426767
0.014060000,0.431275
0.014070000,0.435766
0.014080000,0.440240
0.014090000,0.444697
0.014100000,0.449136
0.014110000,0.453558
0.014120000,0.457962
0.014130000,0.462347
0.014140000,0.466714
0.014150000,0.471063
0.014160000,0.475393
0.014170000,0.479705
0.014180000,0.483997
0.014190000,0.488271
0.014200000,0.492525
0.014210000,0.496759
0.014220000,0.500974
0.014230000,0.505170
0.014240000,0.509345
0.014250000,0.513500
0.014260000,0.517635
0.014270000,0.521750
0.014280000,0.525844
0.014290000,0.529917
0.014300000,0.533969
0.014310000,0.538000
0.014320000,0.542010
0.014330000,0.545999
0.014340000,0.549966
0.014350000,0.553911
0.014360000,0.557835
0.014370000,0.561736
0.014380000,0.565615
0.014390000,0.569472
0.014400000,0.573307
0.014410000,0.577118
0.014420000,0.580907
0.014430000,0.584673
0.014440000,0.588416
0.014450000,0.592136
0.014460000,0.595832
0.014470000,0.599505
0.014480000,0.603154
0.014490000,0.606780
0.014500000,0.610381
0.014510000,0.613958
0.014520000,0.617511
0.014530000,0.621040
0.014540000,0.624544
0.014550000,0.628024
0.014560000,0.631478
0.014570000,0.634908
0.014580000,0.638313
0.014590000,0.641693
0.014600000,0.645047
0.014610000,0.648375
0.014620000,0.651679
0.014630000,0.654956
0.014640000,0.658208
0.014650000,0.661433
0.014660000,0.664633
0.014670000,0.667806
0.014680000,0.670953
0.014690000,0.674073
0.014700000,0.677167
0.014710000,0.680234
0.014720000,0.683275
0.014730000,0.686288
0.014740000,0.689274
0.014750000,0.692233
0.014760000,0.695164
0.014770000,0.698069
0.014780000,0.700945
0.014790000,0.703794
0.014800000,0.706615
0.014810000,0.709409
0.014820000,0.712174
0.014830000,0.714911
0.014840000,0.717620
0.014850000,0.720300
0.014860000,0.722953
0.014870000,0.725576
0.014880000,0.728171
0.014890000,0.730737
0.014900000,0.733275
0.014910000,0.735783
0.014920000,0.738262
0.014930000,0.740713
0.014940000,0.743134
0.014950000,0.745525
0.014960000,0.747887
0.014970000,0.750220
0.014980000,0.752523
0.014990000,0.754797
0.015000000,0.757040
0.015010000,0.759254
0.015020000,0.761438
0.015030000,0.763591
0.015040000,0.765715
0.015050000,0.767808
0.015060000,0.769871
0.015070000,0.771903
0.015080000,0.773906
0.015090000,0.775877
0.015100000,0.777818
0.015110000,0.779728
0.015120000,0.781608
0.015130000,0.783456
0.015140000,0.785274
0.015150000,0.787060
0.015160000,0.788816
0.015170000,0.790540
0.015180000,0.792234
0.015190000,0.793896
0.015200000,0.795526
0.015210000,0.797125
0.015220000,0.798693
0.015230000,0.800229
0.015240000,0.801734
0.015250000,0.803207
0.015260000,0.804648
0.015270000,0.806058
0.015280000,0.807435
0.015290000,0.808781
0.015300000,0.810095
0.015310000,0.811377
0.015320000,0.812626
0.015330000,0.813844
0.015340000,0.815030
0.015350000,0.816183
0.015360000,0.817304
0.015370000,0.818393
0.015380000,0.819450
0.015390000,0.820474
0.015400000,0.821466
0.015410000,0.822426
0.015420000,0.823353
0.015430000,0.824247
0.015440000,0.825109
0.015450000,0.825938
0.015460000,0.826735
0.015470000,0.828777
0.015480000,0.830786
0.015490000,0.832762
0.015500000,0.834705
0.015510000,0.836616
0.015520000,0.838493
0.015530000,0.840337
0.015540000,0.842148
0.015550000,0.843926
0.015560000,0.845670
0.015570000,0.847381
0.015580000,0.849059
0.015590000,0.850703
0.015600000,0.852313
0.015610000,0.853890
0.015620000,0.855433
0.015629999,0.856942
0.015640000,0.858418
0.015650000,0.859860
0.015659999,0.861267
0.015670000,0.862641
0.015680000,0.863981
0.015690001,0.865286
0.015699999,0.866557
0.015710000,0.867795
0.015720000,0.868998
0.015729999,0.870166
0.015740000,0.871300
0.015750000,0.872400
0.015760001,0.873466
0.015769999,0.874496
0.015780000,0.875493
0.015790001,0.876455
0.015799999,0.877382
0.015810000,0.878274
0.015820000,0.879132
0.015830001,0.879956
0.015840000,0.880744
0.015850000,0.881498
0.015860001,0.882217
0.015869999,0.882901
0.015880000,0.883550
0.015890000,0.884164
0.015900001,0.884744
0.015910000,0.885288
0.015920000,0.885798
0.015930001,0.886272
0.015939999,0.886712
0.015950000,0.887116
0.015960000,0.887486
0.015969999,0.887820
0.015980000,0.888120
0.015990000,0.888384
0.016000001,0.888614
0.016009999,0.888808
0.016020000,0.888967
0.016030001,0.889091
0.016039999,0.889180
0.016050000,0.889234
0.016060000,0.889253
0.016070001,0.889236
0.016080000,0.889185
0.016090000,0.889098
0.016100001,0.888977
0.016109999,0.888820
0.016120000,0.888628
0.016130000,0.888401
0.016140001,0.888139
0.016150000,0.887842
0.016160000,0.887510
0.016170001,0.887143
0.016179999,0.886741
0.016190000,0.886304
0.016200000,0.885831
0.016209999,0.885324
0.016220000,0.884782
0.016230000,0.884205
0.016240001,0.883593
0.016249999,0.882947
0.016260000,0.882265
0.016270000,0.881548
0.016279999,0.880797
0.016290000,0.880011
0.016300000,0.879190
0.016310001,0.878335
0.016319999,0.877445
0.016330000,0.876520
0.016340001,0.875560
0.016349999,0.874566
0.016360000,0.873538
0.016370000,0.872475
0.016380001,0.871377
0.016390000,0.870246
0.016400000,0.869079
0.016410001,0.867879
0.016419999,0.866644
0.016430000,0.865375
0.016440000,0.864072
0.016450001,0.862735
0.016460000,0.861363
0.016470000,0.859958
0.016480001,0.858519
0.016489999,0.857046
0.016500000,0.855539
0.016510000,0.853998
0.016519999,0.852424
0.016530000,0.850815
0.016540000,0.849174
0.016550001,0.847499
0.016559999,0.845790
0.016570000,0.844048
0.016580001,0.842272
0.016589999,0.840464
0.016600000,0.838622
0.016610000,0.836747
0.016620001,0.834839
0.016630000,0.832898
0.016640000,0.830924
0.016650001,0.828918
0.016659999,0.826879
0.016670000,0.824807
0.016680000,0.822702
0.016690001,0.820565
0.016700000,0.818396
0.016710000,0.816194
0.016720001,0.813960
0.016729999,0.811694
0.016740000,0.809396
0.016750000,0.807066
0.016759999,0.804704
0.016770000,0.802310
0.016780000,0.799885
0.016790001,0.797428
0.016799999,0.794940
0.016810000,0.792420
0.016820000,0.789869
0.016829999,0.787286
0.016840000,0.784673
0.016850000,0.782029
0.016860001,0.779353
0.016869999,0.776647
0.016880000,0.773911
0.016890001,0.771144
0.016899999,0.768346
0.016910000,0.765518
0.016920000,0.762660
0.016930001,0.759772
0.016940000,0.756853
0.016950000,0.753905
0.016960001,0.750927
0.016969999,0.747920
0.016980000,0.744883
0.016990000,0.741816
0.017000001,0.738720
0.017010000,0.735595
0.017020000,0.732441
0.017030001,0.729258
0.017039999,0.726047
0.017050000,0.722806
0.017060000,0.719538
0.017069999,0.716240
0.017080000,0.712915
0.017090000,0.709561
0.017100001,0.706179
0.017109999,0.702770
0.017120000,0.699332
0.017130001,0.695867
0.017139999,0.692375
0.017150000,0.688855
0.017160000,0.685308
0.017170001,0.681734
0.017180000,0.678133
0.017190000,0.674505
0.017200001,0.670851
0.017209999,0.667170
0.017220000,0.663463
0.017230000,0.659730
0.017240001,0.655970
0.017250000,0.652185
0.017260000,0.648374
0.017270001,0.644537
0.017279999,0.640675
0.017290000,0.636788
0.017300000,0.632875
0.017309999,0.628938
0.017320000,0.624976
0.017330000,0.620989
0.017340001,0.616977
0.017349999,0.612941
0.017360000,0.608881
0.017370000,0.604797
0.017379999,0.600689
0.017390000,0.596557
0.017400000,0.592402
0.017410001,0.588223
0.017419999,0.584022
0.017430000,0.579797
0.017440001,0.575549
0.017449999,0.571278
0.017460000,0.566985
0.017470000,0.562670
0.017480001,0.558912
0.017490000,0.555133
0.017500000,0.551332
0.017510001,0.547508
0.017519999,0.543664
0.017530000,0.539797
0.017540000,0.535910
0.017550001,0.532001
0.017560000,0.528072
0.017570000,0.524121
0.017580001,0.520150
0.017589999,0.516158
0.017600000,0.512146
0.017610000,0.508114
0.017619999,0.504061
0.017630000,0.499989
0.017640000,0.495897
0.017650001,0.491785
0.017659999,0.487654
0.017670000,0.483504
0.017680001,0.479334
0.017689999,0.475146
0.017700000,0.470939
0.017710000,0.466713
0.017720001,0.462469
0.017729999,0.458207
0.017740000,0.453926
0.017750001,0.449628
0.017759999,0.445312
0.017770000,0.440978
0.017780000,0.436627
0.017790001,0.432259
0.017800000,0.427873
0.017810000,0.423471
0.017820001,0.419052
0.017829999,0.414616
0.017840000,0.410165
0.017850000,0.405696
0.017859999,0.401212
0.017870000,0.396712
0.017880000,0.392197
0.017890001,0.387666
0.017899999,0.383119
0.017910000,0.378558
0.017920000,0.373981
0.017929999,0.369390
0.017940000,0.364784
0.017950000,0.360164
0.017960001,0.355529
0.017969999,0.350881
0.017980000,0.346218
0.017990001,0.341542
0.017999999,0.336853
0.018010000,0.332150
0.018020000,0.327434
0.018030001,0.322705
0.018040000,0.317964
0.018050000,0.313210
0.018060001,0.308443
0.018069999,0.303665
0.018080000,0.298874
0.018090000,0.294071
0.018100001,0.289257
0.018110000,0.284432
0.018120000,0.279595
0.018130001,0.274747
0.018139999,0.269889
0.018150000,0.265020
0.018160000,0.260140
0.018169999,0.255250
0.018180000,0.250350
0.018190000,0.245440
0.018200001,0.240520
0.018209999,0.235591
0.018220000,0.230653
0.018230001,0.225705
0.018239999,0.220749
0.018250000,0.215784
0.018260000,0.210810
0.018270001,0.205828
0.018279999,0.200838
0.018290000,0.195840
0.018300001,0.190834
0.018309999,0.185821
0.018320000,0.180800
0.018330000,0.175772
0.018340001,0.170738
0.018350000,0.165696
0.018360000,0.160648
0.018370001,0.155594
0.018379999,0.150533
0.018390000,0.145467
0.018400000,0.140395
0.018409999,0.135317
0.018420000,0.130234
0.018430000,0.125146
0.018440001,0.120053
0.018449999,0.114955
0.018460000,0.109852
0.018470000,0.104746
0.018479999,0.099635
0.018490000,0.094520
0.018500000,0.089401
0.018510001,0.084279
0.018519999,0.079154
0.018530000,0.074025
0.018540001,0.068894
0.018549999,0.063760
0.018560000,0.058623
0.018570000,0.053484
0.018580001,0.048343
0.018590000,0.043200
0.018600000,0.038055
0.018610001,0.032909
0.018619999,0.027762
0.018630000,0.022613
0.018640000,0.017463
0.018650001,0.012313
0.018660000,0.007162
0.018670000,0.002011
0.018680001,-0.003139
0.018689999,-0.008290
0.018700000,-0.013440
0.018710000,-0.018589
0.018719999,-0.023738
0.018730000,-0.028886
0.018740000,-0.034033
0.018750001,-0.039178
0.018759999,-0.044322
0.018770000,-0.049464
0.018780001,-0.054604
0.018789999,-0.059742
0.018800000,-0.064878
0.018810000,-0.070011
0.018820001,-0.075142
0.018829999,-0.080269
0.018840000,-0.085393
0.018850001,-0.090514
0.018859999,-0.095631
0.018870000,-0.100745
0.018880000,-0.105854
0.018890001,-0.110960
0.018900000,-0.116061
0.018910000,-0.121157
0.018920001,-0.126249
0.018929999,-0.131335
0.018940000,-0.136417
0.018950000,-0.141493
0.018959999,-0.146563
0.018970000,-0.151628
0.018980000,-0.156686
0.018990001,-0.161739
0.018999999,-0.166785
0.019010000,-0.171824
0.019020000,-0.176857
0.019029999,-0.181883
0.019040000,-0.186901
0.019050000,-0.191913
0.019060001,-0.196916
0.019069999,-0.201912
0.019080000,-0.206900
0.019090001,-0.211880
0.019099999,-0.216851
0.019110000,-0.221814
0.019120000,-0.226768
0.019130001,-0.231713
0.019140000,-0.236649
0.019150000,-0.241575
0.019160001,-0.246492
0.019169999,-0.251400
0.019180000,-0.256297
0.019190000,-0.261184
0.019200001,-0.266061
0.019210000,-0.270928
0.019220000,-0.275784
0.019230001,-0.280628
0.019239999,-0.285462
0.019250000,-0.290285
0.019260000,-0.295096
0.019269999,-0.299895
0.019280000,-0.304683
0.019290000,-0.309458
0.019300001,-0.314222
0.019309999,-0.318973
0.019320000,-0.323711
0.019330001,-0.328437
0.019339999,-0.333149
0.019350000,-0.337849
0.019360000,-0.342535
0.019370001,-0.347207
0.019379999,-0.351866
0.019390000,-0.356511
0.019400001,-0.361142
0.019409999,-0.365759
0.019420000,-0.370361
0.019430000,-0.374948
0.019440001,-0.379521
0.019450000,-0.384079
0.019460000,-0.388622
0.019470001,-0.393149
0.019479999,-0.397661
0.019490000,-0.402157
0.019500000,-0.406637
0.019509999,-0.411101
0.019520000,-0.415549
0.019530000,-0.419980
0.019540001,-0.424395
0.019549999,-0.428794
0.019560000,-0.433175
0.019570000,-0.437539
0.019579999,-0.441886
0.019590000,-0.446215
0.019600000,-0.450527
0.019610001,-0.454821
0.019619999,-0.459097
0.019630000,-0.463355
0.019640001,-0.467595
0.019649999,-0.471816
0.019660000,-0.476018
0.019670000,-0.480202
0.019680001,-0.484367
0.019690000,-0.488513
0.019700000,-0.492639
0.019710001,-0.496746
0.019719999,-0.500833
0.019730000,-0.504901
0.019740000,-0.508948
0.019750001,-0.512976
0.019760000,-0.516983
0.019770000,-0.520970
0.019780001,-0.524936
0.019789999,-0.528882
0.019800000,-0.532806
0.019810000,-0.536710
0.019819999,-0.540592
0.019830000,-0.544454
0.019840000,-0.548293
0.019850001,-0.552111
0.019859999,-0.555907
0.019870000,-0.559681
0.019880001,-0.563434
0.019889999,-0.567163
0.019900000,-0.570871
0.019910000,-0.574556
0.019920001,-0.578218
0.019929999,-0.581858
0.019940000,-0.585474
0.019950001,-0.589067
0.019959999,-0.592637
0.019970000,-0.596184
0.019980000,-0.599707
0.019990001,-0.603207
0.020000000,-0.606683
0.020010000,-0.610134
0.020020001,-0.613562
0.020029999,-0.616965
0.020040000,-0.620344
0.020050000,-0.623699
0.020059999,-0.627029
0.020070000,-0.630334
0.020080000,-0.633614
0.020090001,-0.636870
0.020099999,-0.640100
0.020110000,-0.643305
0.020120000,-0.646484
0.020129999,-0.649638
0.020140000,-0.652767
0.020150000,-0.655869
0.020160001,-0.658946
0.020169999,-0.661996
0.020180000,-0.665021
0.020190001,-0.668019
0.020199999,-0.670991
0.020210000,-0.673936
0.020220000,-0.676855
0.020230001,-0.679747
0.020240000,-0.682613
0.020250000,-0.685451
0.020260001,-0.688262
0.020269999,-0.691046
0.020280000,-0.693803
0.020290000,-0.696532
0.020300001,-0.699234
0.020310000,-0.701908
0.020320000,-0.704555
0.020330001,-0.707174
0.020339999,-0.709765
0.020350000,-0.712328
0.020360000,-0.714862
0.020369999,-0.717369
0.020380000,-0.719847
0.020390000,-0.722296
0.020400001,-0.724718
0.020409999,-0.727110
0.020420000,-0.729474
0.020430000,-0.731809
0.020439999,-0.734116
0.020450000,-0.736393
0.020460000,-0.738641
0.020470001,-0.740860
0.020479999,-0.743050
0.020490000,-0.745210
0.020500001,-0.747341
0.020509999,-0.749443
0.020520000,-0.751514
0.020530000,-0.753557
0.020540001,-0.755569
0.020550000,-0.757552
0.020560000,-0.759504
0.020570001,-0.761427
0.020579999,-0.763320
0.020590000,-0.765182
0.020600000,-0.767015
0.020609999,-0.768817
0.020620000,-0.770589
0.020630000,-0.772330
0.020640001,-0.774041
0.020649999,-0.775721
0.020660000,-0.777370
0.020670000,-0.778989
0.020679999,-0.780577
0.020690000,-0.782135
0.020700000,-0.783661
0.020710001,-0.785157
0.020719999,-0.786621
0.020730000,-0.788055
0.020740001,-0.789457
0.020749999,-0.790828
0.020760000,-0.792168
0.020770000,-0.793477
0.020780001,-0.794755
0.020790000,-0.796001
0.020800000,-0.797215
0.020810001,-0.798398
0.020819999,-0.799550
0.020830000,-0.800670
0.020840000,-0.801758
0.020850001,-0.802815
0.020860000,-0.803840
0.020870000,-0.804833
0.020880001,-0.805795
0.020889999,-0.806725
0.020900000,-0.807623
0.020910000,-0.808489
0.020919999,-0.809323
0.020930000,-0.810125
0.020940000,-0.810895
0.020950001,-0.811633
0.020959999,-0.812340
0.020970000,-0.813014
0.020980000,-0.813656
0.020989999,-0.814265
0.021000000,-0.814843
0.021010000,-0.815389
0.021020001,-0.815902
0.021029999,-0.816383
0.021040000,-0.816832
0.021050001,-0.817249
0.021059999,-0.817633
0.021070000,-0.817985
0.021080000,-0.818305
0.021090001,-0.818592
0.021100000,-0.818848
0.021110000,-0.819070
0.021120001,-0.819261
0.021129999,-0.819419
0.021140000,-0.819545
0.021150000,-0.819638
0.021159999,-0.819700
0.021170000,-0.819728
0.021180000,-0.819725
0.021190001,-0.819689
0.021199999,-0.819620
0.021210000,-0.819520
0.021220000,-0.819387
0.021229999,-0.819221
0.021240000,-0.819023
0.021250000,-0.818793
0.021260001,-0.818531
0.021269999,-0.818236
0.021280000,-0.817909
0.021290001,-0.817550
0.021299999,-0.817159
0.021310000,-0.816735
0.021320000,-0.816279
0.021330001,-0.815790
0.021340000,-0.815270
0.021350000,-0.814717
0.021360001,-0.814132
0.021369999,-0.813515
0.021380000,-0.812866
0.021390000,-0.812185
0.021400001,-0.811472
0.021410000,-0.810727
0.021420000,-0.809949
0.021430001,-0.809140
0.021439999,-0.808299
0.021450000,-0.807426
0.021460000,-0.806521
0.021469999,-0.805584
0.021480000,-0.804615
0.021490000,-0.803614
0.021500001,-0.802582
0.021509999,-0.801518
0.021520000,-0.800423
0.021530000,-0.799295
0.021539999,-0.798137
0.021550000,-0.796946
0.021560000,-0.795725
0.021570001,-0.794472
0.021579999,-0.793187
0.021590000,-0.791871
0.021600001,-0.790524
0.021609999,-0.789146
0.021620000,-0.787737
0.021630000,-0.786296
0.021640001,-0.784825
0.021650000,-0.783322
0.021660000,-0.781789
0.021670001,-0.780224
0.021679999,-0.778629
0.021690000,-0.777003
0.021700000,-0.775347
0.021709999,-0.773660
0.021720000,-0.771942
0.021730000,-0.770194
0.021740001,-0.768415
0.021749999,-0.766606
0.021760000,-0.764767
0.021770000,-0.762898
0.021779999,-0.760998
0.021790000,-0.759069
0.021800000,-0.757109
0.021810001,-0.755120
0.021819999,-0.753101
0.021830000,-0.751052
0.021840001,-0.748973
0.021849999,-0.746865
0.021860000,-0.744727
0.021870000,-0.742560
0.021880001,-0.740364
0.021890000,-0.738138
0.021900000,-0.735884
0.021910001,-0.733600
0.021919999,-0.731287
0.021930000,-0.728946
0.021940000,-0.726575
0.021950001,-0.724176
0.021960000,-0.721749
0.021970000,-0.719292
0.021980001,-0.716808
0.021989999,-0.714295
0.022000000,-0.711754
0.022010000,-0.709185
0.022019999,-0.706588
0.022030000,-0.703963
0.022040000,-0.701310
0.022050001,-0.698629
0.022059999,-0.695921
0.022070000,-0.693186
0.022080000,-0.690423
0.022089999,-0.687633
0.022100000,-0.684815
0.022110000,-0.681971
0.022120001,-0.679100
0.022129999,-0.676202
0.022140000,-0.673277
0.022150001,-0.670325
0.022159999,-0.667348
0.022170000,-0.664343
0.022180000,-0.661313
0.022190001,-0.658256
0.022200000,-0.655174
0.022210000,-0.652066
0.022220001,-0.648932
0.022229999,-0.645772
0.022240000,-0.642587
0.022250000,-0.639376
0.022260001,-0.636140
0.022270000,-0.632879
0.022280000,-0.629593
0.022290001,-0.626283
0.022299999,-0.622947
0.022310000,-0.619587
0.022320000,-0.616202
0.022329999,-0.612793
0.022340000,-0.609360
0.022350000,-0.605903
0.022360001,-0.602422
0.022369999,-0.598917
0.022380000,-0.595389
0.022390001,-0.591837
0.022399999,-0.588261
0.022410000,-0.584663
0.022420000,-0.581041
0.022430001,-0.577397
0.022440000,-0.573729
0.022450000,-0.570039
0.022460001,-0.566327
0.022469999,-0.562592
0.022480000,-0.558835
0.022490000,-0.555056
0.022500001,-0.551254
0.022510000,-0.547432
0.022520000,-0.543587
0.022530001,-0.539721
0.022539999,-0.535834
0.022550000,-0.531925
0.022560000,-0.527996
0.022569999,-0.524046
0.022580000,-0.520075
0.022590000,-0.516084
0.022600001,-0.512072
0.022609999,-0.508040
0.022620000,-0.503987
0.022630000,-0.499916
0.022639999,-0.495824
0.022650000,-0.491713
0.022660000,-0.487582
0.022670001,-0.483432
0.022679999,-0.479263
0.022690000,-0.475075
0.022700001,-0.470868
0.022709999,-0.466643
0.022720000,-0.462399
0.022730000,-0.458137
0.022740001,-0.453857
0.022750000,-0.449559
0.022760000,-0.445243
0.022770001,-0.440910
0.022779999,-0.436559
0.022790000,-0.432191
0.022800000,-0.427806
0.022810001,-0.423404
0.022820000,-0.418986
0.022830000,-0.414550
0.022840001,-0.410099
0.022849999,-0.405631
0.022860000,-0.401147
0.022870000,-0.396648
0.022879999,-0.392133
0.022890000,-0.387602
0.022900000,-0.383056
0.022910001,-0.378495
0.022919999,-0.373919
0.022930000,-0.369328
0.022940001,-0.364722
0.022949999,-0.360103
0.022960000,-0.355468
0.022970000,-0.350820
0.022980001,-0.346158
0.022990000,-0.341483
0.023000000,-0.336794
0.023010001,-0.332091
0.023019999,-0.327376
0.023030000,-0.322648
0.023040000,-0.317906
0.023050001,-0.313153
0.023060000,-0.308387
0.023070000,-0.303608
0.023080001,-0.298818
0.023089999,-0.294016
0.023100000,-0.289203
0.023110000,-0.284378
0.023119999,-0.279541
0.023130000,-0.274694
0.023140000,-0.269836
0.023150001,-0.264967
0.023159999,-0.260088
0.023170000,-0.255198
0.023180000,-0.250299
0.023189999,-0.245389
0.023200000,-0.240470
0.023210000,-0.235541
0.023220001,-0.230603
0.023229999,-0.225656
0.023240000,-0.220700
0.023250001,-0.215735
0.023259999,-0.210762
0.023270000,-0.205781
0.023280000,-0.200791
0.023290001,-0.195793
0.023300000,-0.190788
0.023310000,-0.185775
0.023320001,-0.180755
0.023329999,-0.175728
0.023340000,-0.170693
0.023350000,-0.165652
0.023360001,-0.160605
0.023370000,-0.155551
0.023380000,-0.150491
0.023390001,-0.145425
0.023399999,-0.140353
0.023410000,-0.135276
0.023420000,-0.130193
0.023429999,-0.125106
0.023440000,-0.120013
0.023450000,-0.114915
0.023460001,-0.109813
0.023469999,-0.104707
0.023480000,-0.099597
0.023490001,-0.094482
0.023499999,-0.089364
0.023510000,-0.084243
0.023520000,-0.079118
0.023530001,-0.073990
0.023539999,-0.068859
0.023550000,-0.063725
0.023560001,-0.058589
0.023569999,-0.053450
0.023580000,-0.048310
0.023590000,-0.043167
0.023600001,-0.038023
0.023610000,-0.032877
0.023620000,-0.027730
0.023630001,-0.022582
0.023639999,-0.017433
0.023650000,-0.012283
0.023660000,-0.007133
0.023669999,-0.001982
0.023680000,0.003168
0.023690000,0.008319
0.023700001,0.013470
0.023709999,0.018619
0.023720000,0.023769
0.023730000,0.028917
0.023739999,0.034064
0.023750000,0.039210
0.023760000,0.044354
0.023770001,0.049496
0.023779999,0.054637
0.023790000,0.059775
0.023800001,0.064911
0.023809999,0.070044
0.023820000,0.075175
0.023830000,0.080303
0.023840001,0.085427
0.023850000,0.090548
0.023860000,0.095666
0.023870001,0.100779
0.023879999,0.105889
0.023890000,0.110995
0.023900000,0.116096
0.023910001,0.121193
0.023920000,0.126285
0.023930000,0.131371
0.023940001,0.136453
0.023949999,0.141529
0.023960000,0.146600
0.023970000,0.151665
0.023979999,0.156724
0.023990000,0.161777
0.024000000,0.166823
0.024010001,0.171863
0.024019999,0.176896
0.024030000,0.181922
0.024040001,0.186941
0.024049999,0.191952
0.024060000,0.196956
0.024070000,0.201952
0.024080001,0.206940
0.024089999,0.211920
0.024100000,0.216892
0.024110001,0.221855
0.024119999,0.226809
0.024130000,0.231754
0.024140000,0.236690
0.024150001,0.241617
0.024160000,0.246534
0.024170000,0.251442
0.024180001,0.256340
0.024189999,0.261227
0.024200000,0.266104
0.024210000,0.270971
0.024219999,0.275827
0.024230000,0.280672
0.024240000,0.285506
0.024250001,0.290329
0.024259999,0.295140
0.024270000,0.299940
0.024280000,0.304727
0.024289999,0.309503
0.024300000,0.314267
0.024310000,0.319018
0.024320001,0.323756
0.024329999,0.328482
0.024340000,0.333195
0.024350001,0.337894
0.024359999,0.342581
0.024370000,0.347254
0.024380000,0.351913
0.024390001,0.356558
0.024400000,0.361189
0.024410000,0.365806
0.024420001,0.370408
0.024429999,0.374996
0.024440000,0.379569
0.024450000,0.384127
0.024460001,0.388670
0.024470000,0.393197
0.024480000,0.397709
0.024490001,0.402205
0.024499999,0.406685
0.024510000,0.411150
0.024520000,0.415598
0.024529999,0.420030
0.024540000,0.424445
0.024550000,0.428843
0.024560001,0.433224
0.024569999,0.437589
0.024580000,0.441936
0.024590001,0.446265
0.024599999,0.450577
0.024610000,0.454871
0.024620000,0.459148
0.024630001,0.463406
0.024639999,0.467646
0.024650000,0.471867
0.024660001,0.476070
0.024669999,0.480254
0.024680000,0.484419
0.024690000,0.488565
0.024700001,0.492691
0.024710000,0.496799
0.024720000,0.500886
0.024730001,0.504954
0.024739999,0.509002
0.024750000,0.513030
0.024760000,0.517037
0.024769999,0.521024
0.024780000,0.524991
0.024790000,0.528936
0.024800001,0.532861
0.024809999,0.536765
0.024820000,0.540648
0.024830000,0.544509
0.024839999,0.548349
0.024850000,0.552167
0.024860000,0.555964
0.024870001,0.559738
0.024879999,0.563491
0.024890000,0.567221
0.024900001,0.570928
0.024909999,0.574613
0.024920000,0.578276
0.024930000,0.581916
0.024940001,0.585532
0.024950000,0.589126
0.024960000,0.592696
0.024970001,0.596243
0.024979999,0.599767
0.024990000,0.603266
0.025000000,0.606742
0.025010001,0.610194
0.025020000,0.613622
0.025030000,0.617026
0.025040001,0.620405
0.025049999,0.623760
0.025060000,0.627090
0.025070000,0.630395
0.025079999,0.633675
0.025090000,0.636931
0.025100000,0.640161
0.025110001,0.643366
0.025119999,0.646546
0.025130000,0.649700
0.025140001,0.652829
0.025149999,0.655931
0.025160000,0.659008
0.025170000,0.662059
0.025180001,0.665084
0.025189999,0.668082
0.025200000,0.671054
0.025210001,0.674000
0.025219999,0.676919
0.025230000,0.679811
0.025240000,0.682676
0.025250001,0.685515
0.025260000,0.688326
0.025270000,0.691110
0.025280001,0.693867
0.025289999,0.696597
0.025300000,0.699299
0.025310000,0.701973
0.025319999,0.704620
0.025330000,0.707239
0.025340000,0.709830
0.025350001,0.712393
0.025359999,0.714927
0.025370000,0.717434
0.025380000,0.719912
0.025389999,0.722362
0.025400000,0.724783
0.025410000,0.727176
0.025420001,0.729540
0.025429999,0.731875
0.025440000,0.734181
0.025450001,0.736459
0.025459999,0.738707
0.025470000,0.740926
0.025480000,0.743116
0.025490001,0.745277
0.025500000,0.747408
0.025510000,0.749509
0.025520001,0.751581
0.025529999,0.753624
0.025540000,0.755636
0.025550000,0.757619
0.025560001,0.759572
0.025570000,0.761495
0.025580000,0.763388
0.025590001,0.765250
0.025599999,0.767083
0.025610000,0.768885
0.025620000,0.770657
0.025629999,0.772398
0.025640000,0.774109
0.025650000,0.775789
0.025660001,0.777439
0.025669999,0.779058
0.025680000,0.780646
0.025690001,0.782204
0.025699999,0.783730
0.025710000,0.785226
0.025720000,0.786691
0.025730001,0.788124
0.025739999,0.789527
0.025750000,0.790898
0.025760001,0.792238
0.025769999,0.793547
0.025780000,0.794824
0.025790000,0.796070
0.025800001,0.797285
0.025810000,0.798468
0.025820000,0.799620
0.025830001,0.800740
0.025839999,0.801828
0.025850000,0.802885
0.025860000,0.803910
0.025869999,0.804904
0.025880000,0.805865
0.025890000,0.806795
0.025900001,0.807693
0.025909999,0.808559
0.025920000,0.809393
0.025930000,0.810195
0.025939999,0.810965
0.025950000,0.811704
0.025960000,0.812410
0.025970001,0.813084
0.025979999,0.813726
0.025990000,0.814336
0.026000001,0.814913
0.026009999,0.815459
0.026020000,0.815972
0.026030000,0.816453
0.026040001,0.816902
0.026050000,0.817319
0.026060000,0.817703
0.026070001,0.818055
0.026079999,0.818375
0.026090000,0.818663
0.026100000,0.818918
0.026110001,0.819141
0.026120000,0.819331
0.026130000,0.819489
0.026140001,0.819615
0.026149999,0.819708
0.026160000,0.819770
0.026170000,0.819798
0.026179999,0.819795
0.026190000,0.819759
0.026200000,0.819690
0.026210001,0.819589
0.026219999,0.819456
0.026230000,0.819291
0.026240001,0.819093
0.026249999,0.818863
0.026260000,0.818601
0.026270000,0.818306
0.026280001,0.817979
0.026289999,0.817619
0.026300000,0.817228
0.026310001,0.816804
0.026319999,0.816348
0.026330000,0.815859
0.026340000,0.815339
0.026350001,0.814786
0.026360000,0.814201
0.026370000,0.813584
0.026380001,0.812935
0.026389999,0.812253
0.026400000,0.811540
0.026410000,0.810795
0.026419999,0.810017
0.026430000,0.809208
0.026440000,0.808367
0.026450001,0.807493
0.026459999,0.806588
0.026470000,0.805651
0.026480000,0.804682
0.026489999,0.803682
0.026500000,0.802650
0.026510000,0.801586
0.026520001,0.800490
0.026529999,0.799363
0.026540000,0.798204
0.026550001,0.797014
0.026559999,0.795793
0.026570000,0.794539
0.026580000,0.793255
0.026590001,0.791939
0.026600000,0.790592
0.026610000,0.789214
0.026620001,0.787805
0.026629999,0.786364
0.026640000,0.784892
0.026650000,0.783390
0.026660001,0.781856
0.026670000,0.780292
0.026680000,0.778697
0.026690001,0.777071
0.026699999,0.775415
0.026710000,0.773727
0.026720000,0.772010
0.026729999,0.770261
0.026740000,0.768483
0.026750000,0.766674
0.026760001,0.764835
0.026769999,0.762965
0.026780000,0.761066
0.026790000,0.759136
0.026799999,0.757177
0.026810000,0.755187
0.026820000,0.753168
0.026830001,0.751119
0.026839999,0.749040
0.026850000,0.746932
0.026860001,0.744794
0.026869999,0.742627
0.026880000,0.740431
0.026890000,0.738205
0.026900001,0.735951
0.026910000,0.733667
0.026920000,0.731354
0.026930001,0.729012
0.026939999,0.726642
0.026950000,0.724243
0.026960000,0.721815
0.026969999,0.719359
0.026980000,0.716874
0.026990000,0.714361
0.027000001,0.711820
0.027009999,0.709251
0.027020000,0.706653
0.027030000,0.704028
0.027039999,0.701375
0.027050000,0.698695
0.027060000,0.695987
0.027070001,0.693251
0.027079999,0.690488
0.027090000,0.687698
0.027100001,0.684880
0.027109999,0.682036
0.027120000,0.679164
0.027130000,0.676266
0.027140001,0.673341
0.027150000,0.670390
0.027160000,0.667412
0.027170001,0.664407
0.027179999,0.661377
0.027190000,0.658320
0.027200000,0.655237
0.027210001,0.652129
0.027220000,0.648995
0.027230000,0.645835
0.027240001,0.642649
0.027249999,0.639439
0.027260000,0.636203
0.027270000,0.632942
0.027279999,0.629656
0.027290000,0.626345
0.027300000,0.623009
0.027310001,0.619649
0.027319999,0.616264
0.027330000,0.612855
0.027340000,0.609422
0.027349999,0.605964
0.027360000,0.602483
0.027370000,0.598978
0.027380001,0.595449
0.027389999,0.591897
0.027400000,0.588321
0.027410001,0.584723
0.027419999,0.581101
0.027430000,0.577456
0.027440000,0.573788
0.027450001,0.570098
0.027460000,0.566385
0.027470000,0.562650
0.027480001,0.558893
0.027489999,0.555114
0.027500000,0.551312
0.027510000,0.547489
0.027519999,0.543645
0.027530000,0.539778
0.027540000,0.535891
0.027550001,0.531982
0.027559999,0.528053
0.027570000,0.524102
0.027580000,0.520131
0.027589999,0.516139
0.027600000,0.512127
0.027610000,0.508095
0.027620001,0.504043
0.027629999,0.499971
0.027640000,0.495879
0.027650001,0.491767
0.027659999,0.487636
0.027670000,0.483486
0.027680000,0.479317
0.027690001,0.475128
0.027700000,0.470921
0.027710000,0.466696
0.027720001,0.462452
0.027729999,0.458190
0.027740000,0.453909
0.027750000,0.449611
0.027760001,0.445295
0.027770000,0.440961
0.027780000,0.436610
0.027790001,0.437269
0.027799999,0.437910
0.027810000,0.438533
0.027820000,0.439140
0.027829999,0.439729
0.027840000,0.440301
0.027850000,0.440855
0.027860001,0.441392
0.027869999,0.441911
0.027880000,0.442414
0.027890000,0.442898
0.027899999,0.443365
0.027910000,0.443815
0.027920000,0.444247
0.027930001,0.444661
0.027939999,0.445058
0.027950000,0.445438
0.027960001,0.445800
0.027969999,0.446144
0.027980000,0.446471
0.027990000,0.446780
0.028000001,0.447071
0.028010000,0.447345
0.028020000,0.447601
0.028030001,0.447839
0.028039999,0.448060
0.028050000,0.448263
0.028060000,0.448448
0.028069999,0.448616
0.028080000,0.448766
0.028090000,0.448898
0.028100001,0.449012
0.028109999,0.449109
0.028120000,0.449188
0.028130000,0.449249
0.028139999,0.449293
0.028150000,0.449319
0.028160000,0.449327
0.028170001,0.449317
0.028179999,0.449290
0.028190000,0.449245
0.028200001,0.449182
0.028209999,0.449101
0.028220000,0.449003
0.028230000,0.448887
0.028240001,0.448753
0.028250000,0.448602
0.028260000,0.448432
0.028270001,0.448245
0.028279999,0.448041
0.028290000,0.447819
0.028300000,0.447579
0.028310001,0.447321
0.028320000,0.447046
0.028330000,0.446753
0.028340001,0.446442
0.028349999,0.446114
0.028360000,0.445768
0.028370000,0.445405
0.028379999,0.445024
0.028390000,0.444625
0.028400000,0.444209
0.028410001,0.443775
0.028419999,0.443324
0.028430000,0.442856
0.028440000,0.442369
0.028449999,0.441866
0.028460000,0.441345
0.028470000,0.440806
0.028480001,0.440250
0.028489999,0.439677
0.028500000,0.439086
0.028510001,0.438479
0.028519999,0.437853
0.028530000,0.437211
0.028540000,0.436551
0.028550001,0.435874
0.028560000,0.435180
0.028570000,0.434468
0.028580001,0.433740
0.028589999,0.432994
0.028600000,0.432231
0.028610000,0.431451
0.028620001,0.430654
0.028630000,0.429840
0.028640000,0.429009
0.028650001,0.428162
0.028659999,0.427297
0.028670000,0.426415
0.028680000,0.427967
0.028689999,0.429501
0.028700000,0.431018
0.028710000,0.432518
0.028720001,0.434002
0.028729999,0.435468
0.028740000,0.436917
0.028750001,0.438348
0.028759999,0.439763
0.028770000,0.441160
0.028780000,0.442539
0.028790001,0.443901
0.028800000,0.445246
0.028810000,0.446573
0.028820001,0.447882
0.028829999,0.449174
0.028840000,0.450448
0.028850000,0.451704
0.028860001,0.452942
0.028870000,0.454163
0.028880000,0.455366
0.028890001,0.456550
0.028899999,0.457717
0.028910000,0.458865
0.028920000,0.459995
0.028929999,0.461108
0.028940000,0.462202
0.028950000,0.463277
0.028960001,0.464335
0.028969999,0.465374
0.028980000,0.466395
0.028990000,0.467397
0.028999999,0.468381
0.029010000,0.469346
0.029020000,0.470293
0.029030001,0.471221
0.029039999,0.472131
0.029050000,0.473022
0.029060001,0.473895
0.029069999,0.474748
0.029080000,0.475583
0.029090000,0.476399
0.029100001,0.477197
0.029110000,0.477975
0.029120000,0.478735
0.029130001,0.479475
0.029139999,0.480197
0.029150000,0.480900
0.029160000,0.481584
0.029170001,0.482249
0.029180000,0.482895
0.029190000,0.483521
0.029200001,0.484129
0.029209999,0.484718
0.029220000,0.485287
0.029230000,0.485837
0.029239999,0.486368
0.029250000,0.486880
0.029260000,0.487373
0.029270001,0.487846
0.029279999,0.488300
0.029290000,0.488735
0.029300001,0.489151
0.029309999,0.489547
0.029320000,0.489924
0.029330000,0.490282
0.029340001,0.490620
0.029350000,0.490939
0.029360000,0.491238
0.029370001,0.491518
0.029379999,0.491779
0.029390000,0.492020
0.029400000,0.492242
0.029410001,0.492445
0.029420000,0.492628
0.029430000,0.492791
0.029440001,0.492935
0.029449999,0.493060
0.029460000,0.493165
0.029470000,0.493251
0.029479999,0.493317
0.029490000,0.493364
0.029500000,0.493391
0.029510001,0.493399
0.029519999,0.493387
0.029530000,0.493356
0.029540000,0.493305
0.029549999,0.493235
0.029560000,0.493146
0.029570000,0.493037
0.029580001,0.492908
0.029589999,0.492760
0.029600000,0.492593
0.029610001,0.492406
0.029619999,0.492199
0.029630000,0.491974
0.029640000,0.491729
0.029650001,0.491464
0.029660000,0.491180
0.029670000,0.490877
0.029680001,0.490554
0.029689999,0.490212
0.029700000,0.489850
0.029710000,0.489470
0.029720001,0.489070
0.029730000,0.488650
0.029740000,0.488212
0.029750001,0.487754
0.029759999,0.487276
0.029770000,0.486780
0.029780000,0.486264
0.029789999,0.485729
0.029800000,0.485175
0.029810000,0.484602
0.029820001,0.484010
0.029829999,0.483398
0.029840000,0.482768
0.029850001,0.482118
0.029859999,0.481450
0.029870000,0.480762
0.029880000,0.480055
0.029890001,0.479330
0.029899999,0.478585
0.029910000,0.477822
0.029920001,0.477040
0.029929999,0.476239
0.029940000,0.475419
0.029950000,0.474580
0.029960001,0.473723
0.029970000,0.472847
0.029980000,0.471952
0.029990001,0.471039
0.029999999,0.470107
0.030010000,0.469156
0.030020000,0.468187
0.030029999,0.467200
0.030040000,0.466194
0.030050000,0.465169
0.030060001,0.464126
0.030069999,0.463065
0.030080000,0.461986
0.030090000,0.460888
0.030099999,0.459773
0.030110000,0.458639
0.030120000,0.457487
0.030130001,0.456317
0.030139999,0.455128
0.030150000,0.453922
0.030160001,0.452698
0.030169999,0.451457
0.030180000,0.450197
0.030190000,0.448919
0.030200001,0.447624
0.030210000,0.446311
0.030220000,0.444981
0.030230001,0.443633
0.030239999,0.442267
0.030250000,0.440884
0.030260000,0.439484
0.030270001,0.438066
0.030280000,0.436631
0.030290000,0.435179
0.030300001,0.433709
0.030309999,0.432222
0.030320000,0.430719
0.030330000,0.429198
0.030339999,0.427661
0.030350000,0.426106
0.030360000,0.424535
0.030370001,0.422947
0.030379999,0.421342
0.030390000,0.419720
0.030400001,0.418082
0.030409999,0.416428
0.030420000,0.414757
0.030430000,0.413070
0.030440001,0.411366
0.030449999,0.409646
0.030460000,0.407910
0.030470001,0.406158
0.030479999,0.404390
0.030490000,0.402606
0.030500000,0.400806
0.030510001,0.398990
0.030520000,0.397159
0.030530000,0.395311
0.030540001,0.393449
0.030549999,0.391570
0.030560000,0.389676
0.030570000,0.387767
0.030579999,0.385843
0.030590000,0.383903
0.030600000,0.381948
0.030610001,0.379978
0.030619999,0.377993
0.030630000,0.375993
0.030640000,0.373978
0.030649999,0.371949
0.030660000,0.369905
0.030670000,0.367846
0.030680001,0.365772
0.030689999,0.363685
0.030700000,0.361583
0.030710001,0.359466
0.030719999,0.357336
0.030730000,0.355191
0.030740000,0.353032
0.030750001,0.350860
0.030760000,0.348673
0.030770000,0.346473
0.030780001,0.344259
0.030789999,0.342031
0.030800000,0.339790
0.030810000,0.337536
0.030820001,0.335268
0.030830000,0.332987
0.030840000,0.330693
0.030850001,0.328386
0.030859999,0.326066
0.030870000,0.323732
0.030880000,0.321387
0.030889999,0.319028
0.030900000,0.316657
0.030910000,0.314273
0.030920001,0.311877
0.030929999,0.309469
0.030940000,0.307048
0.030950001,0.304616
0.030959999,0.302171
0.030970000,0.299714
0.030980000,0.297246
0.030990001,0.294766
0.030999999,0.292274
0.031010000,0.289771
0.031020001,0.287256
0.031029999,0.284730
0.031040000,0.282192
0.031050000,0.279644
0.031060001,0.277084
0.031070000,0.274514
0.031080000,0.271932
0.031090001,0.269340
0.031099999,0.266737
0.031110000,0.264124
0.031120000,0.261501
0.031129999,0.258867
0.031140000,0.256222
0.031150000,0.253568
0.031160001,0.250904
0.031169999,0.248229
0.031180000,0.245545
0.031190000,0.242852
0.031199999,0.240148
0.031210000,0.237436
0.031220000,0.234713
0.031230001,0.231982
0.031239999,0.229241
0.031250000,0.226492
0.031259999,0.223733
0.031270001,0.220966
0.031280000,0.218189
0.031289998,0.215405
0.031300001,0.212611
0.031310000,0.209810
0.031319998,0.207000
0.031330001,0.204182
0.031339999,0.201355
0.031350002,0.198521
0.031360000,0.195679
0.031369999,0.192830
0.031380001,0.189972
0.031390000,0.187108
0.031399999,0.184235
0.031410001,0.181356
0.031420000,0.178469
0.031429999,0.175576
0.031440001,0.172675
0.031450000,0.169768
0.031459998,0.166853
0.031470001,0.165461
0.031479999,0.164061
0.031490002,0.162655
0.031500001,0.161243
0.031509999,0.159824
0.031520002,0.158399
0.031530000,0.156968
0.031539999,0.155531
0.031550001,0.154087
0.031560000,0.152637
0.031569999,0.151182
0.031580001,0.149720
0.031590000,0.148252
0.031599998,0.146779
0.031610001,0.145300
0.031620000,0.143815
0.031629998,0.142324
0.031640001,0.140828
0.031649999,0.139326
0.031660002,0.137819
0.031670000,0.136306
0.031679999,0.134788
0.031690001,0.133265
0.031700000,0.131736
0.031709999,0.130202
0.031720001,0.128663
0.031730000,0.127119
0.031739999,0.125570
0.031750001,0.124016
0.031760000,0.122457
0.031769998,0.120893
0.031780001,0.119324
0.031789999,0.117751
0.031800002,0.116173
0.031810001,0.114590
0.031819999,0.113003
0.031830002,0.111412
0.031840000,0.109816
0.031849999,0.108215
0.031860001,0.106611
0.031870000,0.105002
0.031879999,0.103389
0.031890001,0.101772
0.031900000,0.100151
0.031909999,0.098526
0.031920001,0.096897
0.031930000,0.095265
0.031939998,0.093628
0.031950001,0.091988
0.031959999,0.090344
0.031970002,0.088697
0.031980000,0.087046
0.031989999,0.085392
0.032000002,0.083734
0.032010000,0.082073
0.032019999,0.080409
0.032030001,0.078742
0.032040000,0.077071
0.032049999,0.075398
0.032060001,0.073721
0.032070000,0.072042
0.032079998,0.070360
0.032090001,0.068675
0.032099999,0.066987
0.032109998,0.065297
0.032120001,0.063604
0.032129999,0.061908
0.032140002,0.060210
0.032150000,0.058510
0.032159999,0.056808
0.032170001,0.055103
0.032180000,0.053396
0.032189999,0.051687
0.032200001,0.049975
0.032210000,0.048262
0.032219999,0.046547
0.032230001,0.044830
0.032240000,0.043112
0.032249998,0.041391
0.032260001,0.039669
0.032269999,0.037946
0.032280002,0.036221
0.032290000,0.034494
0.032299999,0.032767
0.032310002,0.031037
0.032320000,0.029307
0.032329999,0.027576
0.032340001,0.025843
0.032350000,0.024109
0.032359999,0.022375
0.032370001,0.020639
0.032380000,0.018903
0.032389998,0.017166
0.032400001,0.015428
0.032410000,0.013690
0.032419998,0.011951
0.032430001,0.010212
0.032439999,0.008472
0.032450002,0.006732
0.032460000,0.004992
0.032469999,0.003251
0.032480001,0.001511
0.032490000,-0.000230
0.032499999,-0.001971
0.032510001,-0.003711
0.032520000,-0.005452
0.032529999,-0.007192
0.032540001,-0.008932
0.032550000,-0.010671
0.032559998,-0.012411
0.032570001,-0.014149
0.032579999,-0.015887
0.032590002,-0.017625
0.032600001,-0.019362
0.032609999,-0.021098
0.032620002,-0.022833
0.032630000,-0.024567
0.032639999,-0.026301
0.032650001,-0.028033
0.032660000,-0.029764
0.032669999,-0.031494
0.032680001,-0.033223
0.032690000,-0.034950
0.032699998,-0.036676
0.032710001,-0.038401
0.032720000,-0.040124
0.032729998,-0.041846
0.032740001,-0.043566
0.032749999,-0.045284
0.032760002,-0.047000
0.032770000,-0.048715
0.032779999,-0.050427
0.032790001,-0.052138
0.032800000,-0.053846
0.032809999,-0.055553
0.032820001,-0.057257
0.032830000,-0.058959
0.032839999,-0.060659
0.032850001,-0.062356
0.032860000,-0.064051
0.032869998,-0.065743
0.032880001,-0.067433
0.032889999,-0.069120
0.032900002,-0.070804
0.032910001,-0.072485
0.032919999,-0.074164
0.032930002,-0.075840
0.032940000,-0.077512
0.032949999,-0.079182
0.032960001,-0.080849
0.032970000,-0.082512
0.032979999,-0.084172
0.032990001,-0.085829
0.033000000,-0.087482
0.033009999,-0.089132
0.033020001,-0.090778
0.033030000,-0.092421
0.033039998,-0.094060
0.033050001,-0.095696
0.033059999,-0.097327
0.033070002,-0.098955
0.033080000,-0.100579
0.033089999,-0.102199
0.033100002,-0.103815
0.033110000,-0.105426
0.033119999,-0.107034
0.033130001,-0.108638
0.033140000,-0.110237
0.033149999,-0.111831
0.033160001,-0.113422
0.033170000,-0.115008
0.033179998,-0.116589
0.033190001,-0.117542
0.033199999,-0.118489
0.033209998,-0.119433
0.033220001,-0.120371
0.033229999,-0.121305
0.033240002,-0.122234
0.033250000,-0.123158
0.033259999,-0.124077
0.033270001,-0.124992
0.033280000,-0.125901
0.033289999,-0.126806
0.033300001,-0.127705
0.033310000,-0.128600
0.033319999,-0.129489
0.033330001,-0.130373
0.033340000,-0.131252
0.033349998,-0.132126
0.033360001,-0.132995
0.033369999,-0.133858
0.033380002,-0.134717
0.033390000,-0.135569
0.033399999,-0.136417
0.033410002,-0.137259
0.033420000,-0.138096
0.033429999,-0.138927
0.033440001,-0.139753
0.033450000,-0.140573
0.033459999,-0.141388
0.033470001,-0.142197
0.033480000,-0.143000
0.033489998,-0.143798
0.033500001,-0.144590
0.033510000,-0.145377
0.033519998,-0.146157
0.033530001,-0.146932
0.033539999,-0.147702
0.033550002,-0.148465
0.033560000,-0.149222
0.033569999,-0.149974
0.033580001,-0.150720
0.033590000,-0.151459
0.033599999,-0.152193
0.033610001,-0.152921
0.033620000,-0.153642
0.033629999,-0.154358
0.033640001,-0.155068
0.033650000,-0.155771
0.033659998,-0.156468
0.033670001,-0.157159
0.033679999,-0.157844
0.033690002,-0.158523
0.033700000,-0.159195
0.033709999,-0.159861
0.033720002,-0.160521
0.033730000,-0.161174
0.033739999,-0.161821
0.033750001,-0.162462
0.033760000,-0.163096
0.033769999,-0.163724
0.033780001,-0.164346
0.033790000,-0.164961
0.033799998,-0.165569
0.033810001,-0.166171
0.033820000,-0.166766
0.033829998,-0.167355
0.033840001,-0.167937
0.033849999,-0.168512
0.033860002,-0.169081
0.033870000,-0.169643
0.033879999,-0.170199
0.033890001,-0.170747
0.033900000,-0.171289
0.033909999,-0.171825
0.033920001,-0.172353
0.033930000,-0.172875
0.033939999,-0.173389
0.033950001,-0.173897
0.033960000,-0.174398
0.033969998,-0.174893
0.033980001,-0.175380
0.033989999,-0.175860
0.034000002,-0.176334
0.034010001,-0.176800
0.034019999,-0.177260
0.034030002,-0.177712
0.034040000,-0.178158
0.034049999,-0.178596
0.034060001,-0.179027
0.034070000,-0.179452
0.034079999,-0.179869
0.034090001,-0.180279
0.034100000,-0.180682
0.034109998,-0.181078
0.034120001,-0.181467
0.034130000,-0.181848
0.034139998,-0.182223
0.034150001,-0.182590
0.034159999,-0.182950
0.034170002,-0.183303
0.034180000,-0.183648
0.034189999,-0.183987
0.034200002,-0.184318
0.034210000,-0.184641
0.034219999,-0.184958
0.034230001,-0.185267
0.034240000,-0.185569
0.034249999,-0.185863
0.034260001,-0.186151
0.034270000,-0.186430
0.034279998,-0.186703
0.034290001,-0.186968
0.034299999,-0.187226
0.034309998,-0.187476
0.034320001,-0.187719
0.034329999,-0.187954
0.034340002,-0.188183
0.034350000,-0.188403
0.034359999,-0.188616
0.034370001,-0.188822
0.034380000,-0.189020
0.034389999,-0.189211
0.034400001,-0.189395
0.034410000,-0.189571
0.034419999,-0.189739
0.034430001,-0.189900
0.034440000,-0.190053
0.034449998,-0.190199
0.034460001,-0.190338
0.034469999,-0.190469
0.034480002,-0.190592
0.034490000,-0.190708
0.034499999,-0.190816
0.034510002,-0.190917
0.034520000,-0.191011
0.034529999,-0.191096
0.034540001,-0.191174
0.034550000,-0.191245
0.034559999,-0.191308
0.034570001,-0.191364
0.034580000,-0.191412
0.034589998,-0.191452
0.034600001,-0.191485
0.034610000,-0.191510
0.034619998,-0.191528
0.034630001,-0.191538
0.034639999,-0.190550
0.034650002,-0.189554
0.034660000,-0.188551
0.034669999,-0.187540
0.034680001,-0.186521
0.034690000,-0.185496
0.034699999,-0.184463
0.034710001,-0.183423
0.034720000,-0.182375
0.034729999,-0.181321
0.034740001,-0.180259
0.034750000,-0.179190
0.034759998,-0.178114
0.034770001,-0.177031
0.034779999,-0.175941
0.034790002,-0.174844
0.034800000,-0.173740
0.034809999,-0.172629
0.034820002,-0.171512
0.034830000,-0.170387
0.034839999,-0.169256
0.034850001,-0.168119
0.034860000,-0.166974
0.034869999,-0.165823
0.034880001,-0.164666
0.034890000,-0.163502
0.034899998,-0.162331
0.034910001,-0.161155
0.034920000,-0.159971
0.034929998,-0.158782
0.034940001,-0.157586
0.034949999,-0.156384
0.034960002,-0.155176
0.034970000,-0.153961
0.034979999,-0.152741
0.034990001,-0.151515
0.035000000,-0.150282
0.035009999,-0.149044
0.035020001,-0.147800
0.035030000,-0.146550
0.035039999,-0.145294
0.035050001,-0.144032
0.035060000,-0.142765
0.035069998,-0.141492
0.035080001,-0.140213
0.035089999,-0.138929
0.035100002,-0.137640
0.035110001,-0.136345
0.035119999,-0.135045
0.035130002,-0.133739
0.035140000,-0.132428
0.035149999,-0.131112
0.035160001,-0.129790
0.035170000,-0.128464
0.035179999,-0.127132
0.035190001,-0.125796
0.035200000,-0.124454
0.035209998,-0.123108
0.035220001,-0.121757
0.035230000,-0.120400
0.035239998,-0.119040
0.035250001,-0.117674
0.035259999,-0.116304
0.035270002,-0.114929
0.035280000,-0.113550
0.035289999,-0.112166
0.035300002,-0.110778
0.035310000,-0.109385
0.035319999,-0.107988
0.035330001,-0.106587
0.035340000,-0.105181
0.035349999,-0.103772
0.035360001,-0.102358
0.035370000,-0.100941
0.035379998,-0.099519
0.035390001,-0.098093
0.035399999,-0.096664
0.035409998,-0.095230
0.035420001,-0.093793
0.035429999,-0.092353
0.035440002,-0.090908
0.035450000,-0.089460
0.035459999,-0.088009
0.035470001,-0.086554
0.035480000,-0.085095
0.035489999,-0.083633
0.035500001,-0.082168
0.035510000,-0.080700
0.035519999,-0.079228
0.035530001,-0.077754
0.035540000,-0.076276
0.035549998,-0.074795
0.035560001,-0.073311
0.035569999,-0.071825
0.035580002,-0.070335
0.035590000,-0.068843
0.035599999,-0.067348
0.035610002,-0.065851
0.035620000,-0.064350
0.035629999,-0.062848
0.035640001,-0.061342
0.035650000,-0.059835
0.035659999,-0.058325
0.035670001,-0.056812
0.035680000,-0.055298
0.035689998,-0.053781
0.035700001,-0.052262
0.035710000,-0.050741
0.035719998,-0.049219
0.035730001,-0.047694
0.035739999,-0.046167
0.035750002,-0.044638
0.035760000,-0.043108
0.035769999,-0.041576
0.035780001,-0.040042
0.035790000,-0.038507
0.035799999,-0.036970
0.035810001,-0.035432
0.035820000,-0.033892
0.035829999,-0.032351
0.035840001,-0.030809
0.035850000,-0.029266
0.035859998,-0.027721
0.035870001,-0.026175
0.035879999,-0.024629
0.035890002,-0.023081
0.035900000,-0.021532
0.035909999,-0.019983
0.035920002,-0.018433
0.035930000,-0.016882
0.035939999,-0.015330
0.035950001,-0.013778
0.035960000,-0.012225
0.035969999,-0.010671
0.035980001,-0.009118
0.035990000,-0.007564
0.035999998,-0.006009
0.036010001,-0.004455
0.036020000,-0.002900
0.036029998,-0.001345
0.036040001,0.000210
0.036049999,0.001765
0.036060002,0.003320
0.036070000,0.004875
0.036079999,0.006429
0.036090001,0.007983
0.036100000,0.009537
0.036109999,0.011091
0.036120001,0.012644
0.036130000,0.014197
0.036139999,0.015749
0.036150001,0.017300
0.036160000,0.018851
0.036169998,0.020401
0.036180001,0.021951
0.036189999,0.023499
0.036200002,0.025046
0.036210001,0.026593
0.036219999,0.028138
0.036230002,0.029683
0.036240000,0.031226
0.036249999,0.032768
0.036260001,0.034308
0.036270000,0.035848
0.036279999,0.037385
0.036290001,0.038922
0.036300000,0.040457
0.036309998,0.041990
0.036320001,0.043521
0.036330000,0.045051
0.036339998,0.046579
0.036350001,0.048106
0.036359999,0.049630
0.036370002,0.051152
0.036380000,0.052673
0.036389999,0.054191
0.036400001,0.055707
0.036410000,0.057221
0.036419999,0.058733
0.036430001,0.060242
0.036440000,0.061749
0.036449999,0.063254
0.036460001,0.064756
0.036470000,0.066255
0.036479998,0.067752
0.036490001,0.069246
0.036499999,0.070738
0.036509998,0.072227
0.036520001,0.073712
0.036529999,0.075195
0.036540002,0.076675
0.036550000,0.078152
0.036559999,0.079626
0.036570001,0.081097
0.036580000,0.082564
0.036589999,0.084028
0.036600001,0.085489
0.036610000,0.086947
0.036619999,0.088401
0.036630001,0.089852
0.036640000,0.091299
0.036649998,0.092742
0.036660001,0.094182
0.036669999,0.095618
0.036680002,0.097050
0.036690000,0.098479
0.036699999,0.099903
0.036710002,0.101324
0.036720000,0.102741
0.036729999,0.104153
0.036740001,0.105562
0.036750000,0.106966
0.036759999,0.108366
0.036770001,0.109762
0.036780000,0.111154
0.036789998,0.112541
0.036800001,0.113923
0.036809999,0.115301
0.036819998,0.116675
0.036830001,0.118044
0.036839999,0.119408
0.036850002,0.120768
0.036860000,0.122123
0.036869999,0.123473
0.036880001,0.124818
0.036890000,0.126158
0.036899999,0.127494
0.036910001,0.128824
0.036920000,0.130149
0.036929999,0.131469
0.036940001,0.132784
0.036950000,0.134093
0.036959998,0.135398
0.036970001,0.136696
0.036979999,0.137990
0.036990002,0.139278
0.037000000,0.140561
0.037009999,0.141838
0.037020002,0.143109
0.037030000,0.144375
0.037039999,0.145635
0.037050001,0.146889
0.037060000,0.148138
0.037069999,0.149381
0.037080001,0.150617
0.037090000,0.151848
0.037099998,0.153073
0.037110001,0.154292
0.037120000,0.155505
0.037129998,0.156711
0.037140001,0.157912
0.037149999,0.159106
0.037160002,0.160294
0.037170000,0.161475
0.037179999,0.162650
0.037190001,0.163819
0.037200000,0.164981
0.037209999,0.166137
0.037220001,0.167286
0.037230000,0.168429
0.037239999,0.169565
0.037250001,0.170694
0.037260000,0.171817
0.037269998,0.172932
0.037280001,0.174041
0.037289999,0.175143
0.037300002,0.176238
0.037310001,0.177327
0.037319999,0.178408
0.037330002,0.179482
0.037340000,0.180549
0.037349999,0.181609
0.037360001,0.182662
0.037370000,0.183707
0.037379999,0.184745
0.037390001,0.185776
0.037400000,0.186800
0.037409998,0.187816
0.037420001,0.188825
0.037430000,0.189827
0.037439998,0.190820
0.037450001,0.191807
0.037459999,0.192786
0.037470002,0.193757
0.037480000,0.194720
0.037489999,0.195676
0.037500001,0.196624
0.037510000,0.197565
0.037519999,0.198497
0.037530001,0.199422
0.037540000,0.200339
0.037549999,0.201248
0.037560001,0.202149
0.037570000,0.203042
0.037579998,0.203927
0.037590001,0.204804
0.037599999,0.205673
0.037610002,0.206534
0.037620001,0.207386
0.037629999,0.208231
0.037640002,0.209067
0.037650000,0.209895
0.037659999,0.210715
0.037670001,0.211526
0.037680000,0.212329
0.037689999,0.213124
0.037700001,0.213910
0.037710000,0.214688
0.037719999,0.215457
0.037730001,0.216218
0.037740000,0.216970
0.037749998,0.217714
0.037760001,0.218449
0.037769999,0.219175
0.037780002,0.219893
0.037790000,0.220602
0.037799999,0.221302
0.037810002,0.221994
0.037820000,0.222677
0.037829999,0.223351
0.037840001,0.224017
0.037850000,0.224673
0.037859999,0.225321
0.037870001,0.225959
0.037880000,0.226589
0.037889998,0.227210
0.037900001,0.227822
0.037909999,0.228425
0.037919998,0.229018
0.037930001,0.229603
0.037939999,0.230179
0.037950002,0.230746
0.037960000,0.231303
0.037969999,0.231852
0.037980001,0.232391
0.037990000,0.232921
0.037999999,0.233442
0.038010001,0.233954
0.038020000,0.234456
0.038029999,0.234949
0.038040001,0.235433
0.038050000,0.235908
0.038059998,0.236373
0.038070001,0.236829
0.038079999,0.237276
0.038090002,0.237713
0.038100000,0.238141
0.038109999,0.238559
0.038120002,0.238968
0.038130000,0.239368
0.038139999,0.239758
0.038150001,0.240139
0.038160000,0.240510
0.038169999,0.240872
0.038180001,0.241224
0.038190000,0.241567
0.038199998,0.241900
0.038210001,0.242223
0.038220000,0.242537
0.038229998,0.242842
0.038240001,0.243137
0.038249999,0.243422
0.038260002,0.243698
0.038270000,0.243964
0.038279999,0.244220
0.038290001,0.244467
0.038300000,0.244704
0.038309999,0.244932
0.038320001,0.245149
0.038330000,0.245358
0.038339999,0.245556
0.038350001,0.245745
0.038360000,0.245924
0.038369998,0.246093
0.038380001,0.246253
0.038389999,0.246403
0.038400002,0.246543
0.038410001,0.246673
0.038419999,0.246794
0.038430002,0.246905
0.038440000,0.247006
0.038449999,0.247098
0.038460001,0.247179
0.038470000,0.247251
0.038479999,0.247313
0.038490001,0.247366
0.038500000,0.247408
0.038509998,0.247441
0.038520001,0.247464
0.038530000,0.247478
0.038539998,0.247481
0.038550001,0.247475
0.038559999,0.247459
0.038570002,0.247433
0.038580000,0.247398
0.038589999,0.247353
0.038600001,0.247298
0.038610000,0.247233
0.038619999,0.247158
0.038630001,0.247074
0.038640000,0.246980
0.038649999,0.246876
0.038660001,0.246763
0.038670000,0.246639
0.038679998,0.246506
0.038690001,0.246363
0.038699999,0.246211
0.038710002,0.246049
0.038720001,0.245877
0.038729999,0.245695
0.038740002,0.245504
0.038750000,0.245303
0.038759999,0.245092
0.038770001,0.244872
0.038780000,0.244642
0.038789999,0.244402
0.038800001,0.244152
0.038810000,0.243893
0.038819999,0.243625
0.038830001,0.243347
0.038840000,0.243059
0.038849998,0.242761
0.038860001,0.242454
0.038869999,0.242138
0.038880002,0.241811
0.038890000,0.241476
0.038899999,0.241130
0.038910002,0.240776
0.038920000,0.240411
0.038929999,0.240038
0.038940001,0.239654
0.038950000,0.239262
0.038959999,0.238860
0.038970001,0.238448
0.038980000,0.238027
0.038989998,0.237597
0.039000001,0.237157
0.039009999,0.236708
0.039019998,0.236249
0.039030001,0.235781
0.039039999,0.235304
0.039050002,0.234818
0.039060000,0.234322
0.039069999,0.233817
0.039080001,0.233303
0.039090000,0.232780
0.039099999,0.232247
0.039110001,0.231706
0.039120000,0.231155
0.039129999,0.230595
0.039140001,0.230026
0.039150000,0.229447
0.039159998,0.228860
0.039170001,0.228264
0.039179999,0.227659
0.039190002,0.227044
0.039200000,0.226421
0.039209999,0.225789
0.039220002,0.225148
0.039230000,0.224498
0.039239999,0.223839
0.039250001,0.223171
0.039260000,0.222495
0.039269999,0.221810
0.039280001,0.221116
0.039290000,0.220413
0.039299998,0.219701
0.039310001,0.218981
0.039320000,0.218253
0.039329998,0.217515
0.039340001,0.216769
0.039349999,0.216015
0.039360002,0.215252
0.039370000,0.214480
0.039379999,0.213700
0.039390001,0.212912
0.039400000,0.212115
0.039409999,0.211309
0.039420001,0.210496
0.039430000,0.209674
0.039439999,0.208844
0.039450001,0.208005
0.039460000,0.207159
0.039469998,0.206304
0.039480001,0.205441
0.039489999,0.204570
0.039500002,0.203691
0.039510000,0.202804
0.039519999,0.201908
0.039530002,0.201005
0.039540000,0.200094
0.039549999,0.199175
0.039560001,0.198248
0.039570000,0.197314
0.039579999,0.196371
0.039590001,0.195421
0.039600000,0.194463
0.039609998,0.193497
0.039620001,0.192524
0.039630000,0.191543
0.039639998,0.190555
0.039650001,0.189559
0.039659999,0.188555
0.039670002,0.187545
0.039680000,0.186526
0.039689999,0.185501
0.039700001,0.184468
0.039710000,0.183428
0.039719999,0.182380
0.039730001,0.181325
0.039740000,0.180264
0.039749999,0.179195
0.039760001,0.178119
0.039770000,0.177035
0.039779998,0.175945
0.039790001,0.174848
0.039799999,0.173745
0.039810002,0.172634
0.039820001,0.171516
0.039829999,0.170392
0.039840002,0.169261
0.039850000,0.168123
0.039859999,0.166979
0.039870001,0.165828
0.039880000,0.164670
0.039889999,0.163506
0.039900001,0.162336
0.039910000,0.161159
0.039919998,0.159975
0.039930001,0.158786
0.039940000,0.157590
0.039949998,0.156388
0.039960001,0.155180
0.039969999,0.153965
0.039980002,0.152745
0.039990000,0.151518
0.039999999,0.150286
0.040010002,0.149048
0.040020000,0.147803
0.040029999,0.146553
0.040040001,0.145297
0.040050000,0.144036
0.040059999,0.142768
0.040070001,0.141495
0.040080000,0.140217
0.040089998,0.138933
0.040100001,0.137643
0.040109999,0.136348
0.040119998,0.135048
0.040130001,0.133742
0.040139999,0.132431
0.040150002,0.131115
0.040160000,0.129794
0.040169999,0.128467
0.040180001,0.127136
0.040190000,0.125799
0.040199999,0.124457
0.040210001,0.123111
0.040220000,0.121760
0.040229999,0.120403
0.040240001,0.119042
0.040250000,0.117677
0.040259998,0.116307
0.040270001,0.114932
0.040279999,0.113552
0.040290002,0.112169
0.040300000,0.110780
0.040309999,0.109388
0.040320002,0.107991
0.040330000,0.106589
0.040339999,0.105184
0.040350001,0.103774
0.040360000,0.102361
0.040369999,0.100943
0.040380001,0.099521
0.040390000,0.098095
0.040399998,0.096666
0.040410001,0.095233
0.040420000,0.093796
0.040429998,0.092355
0.040440001,0.090910
0.040449999,0.089462
0.040460002,0.088011
0.040470000,0.087833
0.040479999,0.087652
0.040490001,0.087467
0.040500000,0.087280
0.040509999,0.087088
0.040520001,0.086893
0.040530000,0.086695
0.040539999,0.086493
0.040550001,0.086288
0.040560000,0.086080
0.040569998,0.085868
0.040580001,0.085652
0.040589999,0.085434
0.040600002,0.085212
0.040610000,0.084986
0.040619999,0.084758
0.040630002,0.084525
0.040640000,0.084290
0.040649999,0.084051
0.040660001,0.083809
0.040670000,0.083564
0.040679999,0.083315
0.040690001,0.083063
0.040700000,0.082808
0.040709998,0.082549
0.040720001,0.082287
0.040730000,0.082022
0.040739998,0.081754
0.040750001,0.081482
0.040759999,0.081208
0.040770002,0.080930
0.040780000,0.080649
0.040789999,0.080364
0.040800001,0.080077
0.040810000,0.079786
0.040819999,0.079492
0.040830001,0.079195
0.040840000,0.078895
0.040849999,0.078592
0.040860001,0.078286
0.040870000,0.077976
0.040879998,0.077664
0.040890001,0.077348
0.040899999,0.077030
0.040910002,0.076708
0.040920001,0.076383
0.040929999,0.076056
0.040940002,0.075725
0.040950000,0.075391
0.040959999,0.075055
0.040970001,0.074715
0.040980000,0.074373
0.040989999,0.074027
0.041000001,0.073679
0.041010000,0.073328
0.041019998,0.072973
0.041030001,0.072616
0.041040000,0.072256
0.041049998,0.071893
0.041060001,0.071528
0.041069999,0.071159
0.041080002,0.070788
0.041090000,0.070414
0.041099999,0.070037
0.041110002,0.069657
0.041120000,0.069275
0.041129999,0.068890
0.041140001,0.068502
0.041150000,0.068112
0.041159999,0.067718
0.041170001,0.067323
0.041180000,0.066924
0.041189998,0.066523
0.041200001,0.066119
0.041209999,0.065713
0.041219998,0.065304
0.041230001,0.064892
0.041239999,0.064478
0.041250002,0.064061
0.041260000,0.063642
0.041269999,0.063220
0.041280001,0.062796
0.041290000,0.062369
0.041299999,0.061940
0.041310001,0.061508
0.041320000,0.061074
0.041329999,0.060638
0.041340001,0.060199
0.041350000,0.059758
0.041359998,0.059314
0.041370001,0.058868
0.041379999,0.058420
0.041390002,0.057969
0.041400000,0.057516
0.041409999,0.057061
0.041420002,0.056604
0.041430000,0.056144
0.041439999,0.055682
0.041450001,0.055218
0.041460000,0.054752
0.041469999,0.054284
0.041480001,0.053813
0.041490000,0.053341
0.041499998,0.052866
0.041510001,0.052389
0.041520000,0.051910
0.041529998,0.051429
0.041540001,0.050946
0.041549999,0.050461
0.041560002,0.049974
0.041570000,0.049485
0.041579999,0.048994
0.041590001,0.048502
0.041600000,0.048007
0.041609999,0.047510
0.041620001,0.047012
0.041630000,0.046511
0.041639999,0.046009
0.041650001,0.045505
0.041660000,0.044999
0.041669998,0.044491
0.041680001,0.043982
0.041689999,0.043471
0.041700002,0.042958
0.041710000,0.042444
0.041719999,0.041927
0.041730002,0.041410
0.041740000,0.040890
0.041749999,0.040369
0.041760001,0.039846
0.041770000,0.039322
0.041779999,0.038796
0.041790001,0.038269
0.041800000,0.037740
0.041809998,0.037210
0.041820001,0.036678
0.041830000,0.036145
0.041839998,0.035610
0.041850001,0.035074
0.041859999,0.034536
0.041870002,0.033997
0.041880000,0.033457
0.041889999,0.032916
0.041900001,0.032373
0.041910000,0.031829
0.041919999,0.031284
0.041930001,0.030737
0.041940000,0.030189
0.041949999,0.029640
0.041960001,0.029090
0.041970000,0.028539
0.041979998,0.027986
0.041990001,0.027433
0.041999999,0.026878
0.042010002,0.026322
0.042020001,0.025766
0.042029999,0.025208
0.042040002,0.024649
0.042050000,0.024090
0.042059999,0.023529
0.042070001,0.022967
0.042080000,0.022405
0.042089999,0.021841
0.042100001,0.021277
0.042110000,0.020712
0.042119998,0.020146
0.042130001,0.019580
0.042140000,0.019012
0.042149998,0.018444
0.042160001,0.017875
0.042169999,0.017305
0.042180002,0.016735
0.042190000,0.016164
0.042199999,0.015592
0.042210001,0.015020
0.042220000,0.014447
0.042229999,0.013874
0.042240001,0.013300
0.042250000,0.012725
0.042259999,0.012150
0.042270001,0.011575
0.042280000,0.010999
0.042289998,0.010423
0.042300001,0.009846
0.042309999,0.009269
0.042319998,0.008691
0.042330001,0.008113
0.042339999,0.007535
0.042350002,0.006957
0.042360000,0.006378
0.042369999,0.005799
0.042380001,0.005220
0.042390000,0.004640
0.042399999,0.004061
0.042410001,0.003481
0.042420000,0.002901
0.042429999,0.002321
0.042440001,0.001741
0.042450000,0.001161
0.042459998,0.000580
